owner,brand,kms_driven,age,power,price,prediction
1,1,26592.0,4.0,220.0,65000.0,57337.27674906101
1,1,40000.0,6.0,150.0,59000.0,13210.715613891414
1,6,7500.0,5.0,110.0,40000.0,59252.07656570223
1,3,16830.0,6.0,100.0,36000.0,12973.843393576972
1,1,17000.0,4.0,150.0,45000.0,20417.960433220316
1,1,30000.0,9.0,100.0,20500.0,-21289.148953774675
1,1,31477.0,11.0,150.0,23000.0,-104.16578039192245
4,2,19890.0,27.0,350.0,89000.0,46900.721953685104
1,7,1178.0,2.0,390.0,263000.0,230951.90352263377
1,6,50000.0,10.0,160.0,25700.0,69161.51847897678
1,2,38069.0,8.0,350.0,69000.0,127701.29985851816
1,7,2000.0,2.0,200.0,180000.0,128829.1082830639
1,1,14459.0,5.0,100.0,22000.0,-9044.444124825182
1,2,32000.0,5.0,500.0,127000.0,217063.88020964753
1,1,36451.0,9.0,125.0,24500.0,-8319.188837621878
1,3,26403.0,7.0,110.0,30856.0,14879.295284527718
1,1,13551.0,4.0,150.0,52000.0,20663.65424485838
1,2,37915.0,6.0,350.0,90595.0,133281.08140713576
1,2,17600.0,7.0,500.0,135000.0,212520.87098187092
1,1,41000.0,6.0,200.0,81990.0,39998.48964327335
1,7,19000.0,5.0,390.0,150000.0,221329.1144004829
1,3,60252.0,10.0,150.0,32000.0,25602.011071642642
1,2,9767.0,7.0,350.0,107900.0,132501.83366949979
1,2,23719.0,5.0,350.0,120000.0,137076.7567353784
1,3,30000.0,25.0,100.0,25000.0,-40868.04404744256
1,1,35000.0,13.0,150.0,19000.0,-5923.942240986493
1,2,29639.0,5.0,350.0,110000.0,136655.0381604589
1,4,61537.0,13.0,125.0,18000.0,16213.547728355057
2,3,28000.0,6.0,223.0,35000.0,68520.67462783995
1,1,15558.0,4.0,150.0,55000.0,20520.683099611182
1,1,15000.0,4.0,150.0,44000.0,20560.432924747176
1,1,16954.0,9.0,150.0,19000.0,6499.209383600391
1,5,32035.0,10.0,150.0,45000.0,52583.67845884159
1,2,9300.0,7.0,350.0,90400.0,132535.1009962713
2,1,18302.0,4.0,220.0,70000.0,48197.20004902275
1,4,27000.0,8.0,110.0,25000.0,24538.158782668077
2,1,35000.0,11.0,135.0,22000.0,-18143.45933417719
1,5,37000.0,7.0,150.0,60000.0,60583.2072487812
1,1,30000.0,8.0,220.0,51000.0,45956.8812899592
1,3,25000.0,9.0,150.0,28000.0,30897.636790680088
1,1,6240.0,5.0,135.0,36000.0,10342.353771706199
1,1,21300.0,4.0,400.0,139000.0,154406.69595216436
1,1,89748.0,13.0,135.0,19784.0,-17881.687306586362
1,1,16884.0,4.0,100.0,30000.0,-6432.786437416486
1,2,10000.0,4.0,500.0,200000.0,221415.483199828
1,4,27488.0,8.0,150.0,54799.0,45990.60371485181
1,1,20500.0,4.0,400.0,105000.0,154463.6849487751
1,4,8152.0,3.0,160.0,70500.0,66661.85773488761
2,1,27090.0,8.0,220.0,40000.0,36433.5535877137
1,13,1000.0,2.0,600.0,650000.0,418687.209451467
1,1,10500.0,4.0,200.0,105000.0,47740.00630582798
1,3,60000.0,9.0,150.0,25000.0,28404.36818896004
1,5,19000.0,3.0,150.0,102700.0,73003.08200606296
1,3,17537.0,9.0,100.0,23000.0,4570.262617667206
1,2,4376.0,5.0,350.0,115000.0,138454.67943718046
1,1,30000.0,10.0,150.0,25000.0,2785.4557379856706
1,1,34304.0,11.0,220.0,20000.0,37297.063738038385
1,1,8500.0,3.0,200.0,115000.0,50666.88438073984
1,5,16500.0,7.0,150.0,61300.0,62043.55028693151
1,3,16000.0,4.0,100.0,42000.0,18601.780644330633
1,1,25400.0,5.0,150.0,46000.0,17035.17038542249
1,1,14956.0,3.0,135.0,45801.0,15290.269820402158
1,2,22000.0,5.0,350.0,140000.0,137199.21184184577
1,1,38000.0,6.0,220.0,55000.0,50955.80249062179
1,7,12000.0,3.0,390.0,200000.0,227396.57928759692
1,6,5600.0,3.0,200.0,85000.0,113302.4550946844
1,1,46093.0,9.0,100.0,21000.0,-22435.553856845552
1,1,32000.0,6.0,220.0,52000.0,51383.21996520237
1,1,23580.0,12.0,135.0,18500.0,-10383.721813526732
1,3,16000.0,11.0,100.0,21000.0,-889.058439364424
1,7,17883.0,6.0,390.0,165000.0,218624.2797036157
1,3,17405.0,6.0,100.0,31000.0,12932.882552263
1,5,17000.0,13.0,110.0,22500.0,23814.290443623453
1,2,28097.0,10.0,350.0,80000.0,122842.85653450109
1,4,41007.0,8.0,250.0,75000.0,98745.58145866673
1,6,16389.0,7.0,100.0,29500.0,47678.24435531201
1,1,18695.0,5.0,150.0,37000.0,17512.809413266295
1,5,20000.0,10.0,150.0,27800.0,53441.00667660448
1,5,55300.0,7.0,150.0,46728.0,59279.58395131043
1,3,19617.0,6.0,100.0,26000.0,12775.307976634293
1,3,9700.0,2.0,200.0,97400.0,78337.40070970099
1,1,26000.0,6.0,200.0,83000.0,41067.0333297248
1,8,4800.0,3.0,150.0,74000.0,111472.02805664206
1,2,28300.0,12.0,350.0,65000.0,117259.58440984109
1,3,7488.0,2.0,125.0,75000.0,38206.45987261165
1,1,39000.0,5.0,220.0,45000.0,53668.97182824336
2,3,658.0,4.0,223.0,50000.0,76037.22722627367
1,14,4600.0,4.0,1200.0,950000.0,747655.8682219392
1,1,26134.0,5.0,180.0,40100.0,33098.28914611935
1,1,27683.0,6.0,125.0,25000.0,658.627315386897
1,5,7130.0,5.0,320.0,220000.0,159600.48001199908
1,1,50000.0,5.0,100.0,19400.0,-11576.251535503237
1,2,23688.0,3.0,350.0,135000.0,142647.7762257671
1,4,48763.0,10.0,110.0,13500.0,17419.03319934853
1,1,3360.0,3.0,100.0,41800.0,-2684.9818663268525
1,1,9500.0,5.0,150.0,40085.0,18167.826693061026
1,1,11800.0,5.0,220.0,75000.0,55606.597713008654
1,3,27020.0,8.0,110.0,23000.0,12050.936937506674
1,5,50000.0,9.0,150.0,25000.0,54088.324887086594
1,5,24581.0,4.0,150.0,60000.0,69821.10693507225
1,2,35000.0,4.0,350.0,109000.0,139057.54623030615
1,2,3136.0,5.0,500.0,158300.0,219120.04320736317
1,1,27000.0,7.0,125.0,26000.0,-2077.1239121416875
1,1,12431.0,5.0,150.0,53000.0,17959.03325672842
1,1,30000.0,10.0,100.0,20000.0,-24073.554537159685
1,4,9100.0,2.0,160.0,81200.0,69378.73135728888
1,6,9999.0,3.0,160.0,63000.0,91501.8786294548
1,3,16681.0,10.0,100.0,21000.0,1846.8352606556873
1,1,59752.0,10.0,125.0,14000.0,-12763.470183540572
1,3,37250.0,17.0,100.0,17200.0,-19109.26216214736
1,1,18880.0,8.0,220.0,32000.0,46749.02834284854
1,10,11350.0,7.0,650.0,290000.0,393429.5053052974
1,2,12000.0,3.0,350.0,145000.0,143480.38546625007
1,1,7000.0,4.0,400.0,135000.0,155425.37426658144
1,3,78800.0,15.0,100.0,26000.0,-16500.317006847858
1,1,34000.0,7.0,150.0,38500.0,10853.72750508698
1,2,27500.0,6.0,350.0,87000.0,134023.0069067619
1,1,15000.0,7.0,220.0,53000.0,49809.830559795664
1,1,18992.0,5.0,200.0,100000.0,44350.66252341992
1,1,19170.0,11.0,100.0,15000.0,-26086.471578926747
1,3,12068.0,3.0,100.0,42500.0,21666.287146057453
1,1,28948.0,5.0,200.0,57000.0,43641.43446059921
1,1,9019.0,3.0,400.0,140000.0,158065.95386977005
1,2,10000.0,4.0,350.0,115000.0,140838.4523743919
1,3,13500.0,4.0,110.0,50200.0,24151.67331376829
1,9,1000.0,7.0,750.0,450000.0,435399.0238789935
1,14,176.0,5.0,1700.0,700000.0,1013776.7145412652
1,1,13600.0,3.0,180.0,71000.0,39559.97541728821
1,2,31000.0,6.0,350.0,117300.0,133773.68004658987
1,13,8025.0,3.0,302.0,283000.0,255322.6680017275
1,4,4300.0,4.0,160.0,85000.0,64151.85417018333
1,1,90000.0,10.0,150.0,21500.0,-1488.7190078201238
2,4,14000.0,4.0,250.0,120000.0,102076.45590412263
1,6,13453.0,3.0,200.0,93000.0,112743.0368567042
1,3,6000.0,5.0,150.0,52000.0,43388.747793725284
1,13,14200.0,4.0,600.0,480000.0,412178.07984061964
1,3,5792.0,8.0,125.0,20000.0,21620.843045116373
1,1,50000.0,17.0,100.0,18000.0,-44989.118536123344
1,1,21243.0,14.0,135.0,17000.0,-15786.053873947618
1,2,11766.0,8.0,350.0,85000.0,129575.02683083365
1,3,12000.0,3.0,200.0,80000.0,75389.15176106009
1,1,15557.0,8.0,150.0,33000.0,9383.13200231691
1,4,12356.0,4.0,125.0,32702.0,44776.66778171138
1,13,16000.0,6.0,300.0,192000.0,245326.9817806033
1,2,23799.0,15.0,350.0,75000.0,109227.00200186724
1,1,4900.0,4.0,150.0,60000.0,21279.919006957818
1,8,48206.0,5.0,150.0,45000.0,102811.13640626457
1,8,15500.0,5.0,150.0,70000.0,105140.98906020333
1,2,29000.0,7.0,350.0,105000.0,131131.7469547317
1,1,23697.0,7.0,100.0,30000.0,-15271.335729957762
1,3,7021.0,4.0,150.0,53000.0,46100.42117018583
1,7,3500.0,4.0,250.0,170000.0,150012.4530227941
1,4,10489.0,5.0,125.0,40500.0,42125.2602691667
1,9,600.0,5.0,750.0,430000.0,440996.3295440689
1,2,13000.0,3.0,350.0,130000.0,143409.14922048664
1,2,11767.0,5.0,350.0,135000.0,137928.17234474292
1,2,417.0,2.0,500.0,215000.0,227666.95130974898
1,2,8000.0,2.0,500.0,164100.0,227126.76685812487
1,3,28653.0,8.0,100.0,31500.0,6562.806093145919
1,10,2204.0,4.0,250.0,269000.0,187562.16655804188
1,6,7400.0,4.0,200.0,83000.0,110389.82426892522
1,3,18000.0,6.0,100.0,30000.0,12890.496986033759
2,4,10000.0,6.0,650.0,440000.0,311664.67192156916
1,7,17500.0,4.0,250.0,150000.0,149015.14558210608
1,6,5200.0,3.0,160.0,82000.0,91843.7413728735
1,6,12500.0,4.0,200.0,67000.0,110026.51941553173
1,1,35000.0,8.0,220.0,45000.0,45600.70006114205
1,2,20600.0,6.0,350.0,101700.0,134514.53700252954
1,4,15000.0,8.0,250.0,130000.0,100598.22250223624
1,3,18000.0,8.0,100.0,24000.0,7321.685819263745
1,3,19682.0,10.0,100.0,25000.0,1633.0552871196342
1,1,9148.0,6.0,200.0,85000.0,42267.50654333012
1,2,3450.0,4.0,350.0,155551.0,141305.0497841424
1,5,21533.0,8.0,150.0,20500.0,58900.61267861916
1,2,24203.0,7.0,350.0,75000.0,131473.46722565888
1,13,3174.0,6.0,899.0,569400.0,568011.6009650066
1,2,11000.0,5.0,350.0,125000.0,137982.8105452435
1,2,24000.0,4.0,350.0,130000.0,139841.14493370388
1,1,39500.0,8.0,220.0,44600.0,45280.13695520662
1,1,6541.0,3.0,100.0,35000.0,-2911.584364100323
1,5,29500.0,6.0,150.0,83000.0,63901.884675391935
1,10,11000.0,5.0,650.0,550000.0,399023.2491580846
1,1,33505.0,3.0,100.0,35000.0,-4832.398494865447
2,2,17482.0,6.0,350.0,100000.0,125006.02643940282
1,2,11000.0,3.0,350.0,140000.0,143551.6217120135
1,13,6400.0,4.0,600.0,580000.0,412733.72255757445
1,2,19500.0,5.0,500.0,125000.0,217954.33328169037
1,3,26000.0,8.0,100.0,24000.0,6751.795853156305
1,7,8000.0,3.0,200.0,130000.0,125617.28522509833
1,1,2500.0,5.0,200.0,107300.0,45525.4906885504
1,5,16800.0,4.0,150.0,72300.0,70375.3961633575
1,4,24000.0,8.0,110.0,25000.0,24751.867519958367
1,6,4081.0,3.0,310.0,180000.0,172500.48555731884
1,1,40700.0,12.0,220.0,29500.0,34057.03112675047
1,9,12000.0,7.0,750.0,340000.0,434615.4251755958
1,3,55141.0,10.0,223.0,28000.0,65180.25452545176
1,3,27877.0,4.0,110.0,35000.0,23127.50980842745
1,7,5000.0,2.0,390.0,210000.0,230679.63859132596
1,2,4625.0,3.0,350.0,141000.0,144005.75277875538
1,4,22167.0,10.0,110.0,30000.0,19313.632391672712
1,5,36111.0,12.0,150.0,17000.0,46724.50835433985
1,1,18800.0,4.0,150.0,60000.0,20289.735190846142
1,4,27015.0,7.0,150.0,51300.0,48808.70404248292
1,1,21000.0,7.0,125.0,29000.0,-1649.706437561108
1,3,5448.0,2.0,100.0,39500.0,24922.27667639636
1,1,14000.0,6.0,200.0,54500.0,41921.86827888596
1,3,9164.0,3.0,100.0,42000.0,21873.157203754454
1,3,20925.0,9.0,100.0,32000.0,4328.914217020705
1,8,23000.0,6.0,150.0,55000.0,101822.3116335926
1,12,1400.0,4.0,110.0,35000.0,137385.80596972088
2,2,13858.0,11.0,350.0,70000.0,111342.15867712443
1,6,25943.0,5.0,180.0,41000.0,95540.88087029078
1,1,109521.0,10.0,150.0,28000.0,-2879.3217613680317
1,5,7737.0,5.0,150.0,41000.0,68236.60467532645
1,3,21000.0,7.0,125.0,39000.0,23321.887802931145
1,1,27000.0,6.0,220.0,45900.0,51739.40119401952
1,5,19854.0,4.0,150.0,63000.0,70157.840668796
1,3,19492.0,10.0,100.0,18500.0,1646.5901738146858
1,4,28164.0,10.0,125.0,18787.0,26944.13170837304
1,2,40000.0,12.0,350.0,55000.0,116426.12033440896
2,7,20000.0,9.0,200.0,68000.0,98325.39159821002
1,3,70756.0,13.0,100.0,14000.0,-10358.481479156806
1,1,30000.0,5.0,220.0,47500.0,54310.09804011423
1,9,10000.0,7.0,750.0,382000.0,434757.89766712266
1,6,23650.0,9.0,100.0,18000.0,41592.18680805374
1,4,39555.0,9.0,150.0,48000.0,42346.59035383949
1,2,45730.0,6.0,350.0,100000.0,132724.37014649453
1,3,38074.0,8.0,150.0,22000.0,32750.699696954005
1,5,11217.0,9.0,150.0,60000.0,56851.08020652969
1,4,10741.0,4.0,160.0,70000.0,63693.021511221086
1,7,32500.0,5.0,390.0,125000.0,220367.42508267664
1,1,20946.0,4.0,200.0,99735.0,46995.87248258319
3,5,29339.0,6.0,150.0,56000.0,44452.10335612563
1,4,55562.0,8.0,110.0,20000.0,22503.509131172992
1,2,13140.0,8.0,350.0,90000.0,129477.14822915471
1,11,9560.0,4.0,250.0,190000.0,199523.94985445222
1,1,20000.0,5.0,220.0,65000.0,55022.46049774853
1,1,14118.0,3.0,100.0,32000.0,-3451.3413982498314
1,8,6740.0,4.0,150.0,70000.0,108549.424156476
1,3,25000.0,12.0,125.0,18000.0,9114.914902952383
1,3,6957.0,13.0,100.0,23000.0,-5813.680235695741
1,1,13000.0,6.0,200.0,94300.0,41993.10452464939
1,3,38987.0,15.0,100.0,14000.0,-13664.188354268423
1,10,1234.0,3.0,650.0,478000.0,405287.75350098027
1,2,18000.0,6.0,350.0,85000.0,134699.75124151446
1,3,40000.0,24.0,100.0,23000.0,-38796.00092169185
1,3,24000.0,8.0,125.0,25000.0,20323.77348225584
1,5,10500.0,5.0,150.0,100000.0,68039.7789282821
3,12,38669.0,6.0,110.0,18999.0,109700.84080475943
1,5,3500.0,7.0,150.0,82000.0,62969.6214818561
1,1,25000.0,9.0,100.0,25000.0,-20932.967724957525
1,3,71000.0,9.0,223.0,57500.0,66834.92448727455
1,1,7840.0,5.0,150.0,46000.0,18286.07886102832
1,3,37000.0,13.0,100.0,14200.0,-7953.830767166466
1,1,29451.0,5.0,100.0,38000.0,-10112.417921310524
1,11,1487.0,6.0,650.0,307194.0,409402.31110089325
1,2,5130.0,5.0,500.0,110000.0,218977.99813331087
1,3,39000.0,8.0,223.0,55000.0,71898.8899350893
1,7,9382.0,5.0,390.0,180000.0,222014.2646122356
1,1,7312.0,2.0,150.0,60000.0,26676.90834894644
1,13,11000.0,4.0,302.0,310000.0,252326.3345871963
1,7,25000.0,7.0,390.0,95000.0,215332.88575913233
1,1,47043.0,5.0,220.0,49000.0,53096.0187035681
1,5,8418.0,4.0,150.0,70000.0,70972.49837534658
1,1,98581.0,9.0,150.0,19000.0,684.4083506688985
2,3,73317.0,13.0,223.0,20000.0,45801.62259488355
1,1,70000.0,16.0,125.0,12000.0,-30199.932730434244
1,2,12800.0,8.0,500.0,101000.0,210078.39937815035
1,1,440.0,4.0,150.0,42700.0,21597.632663062715
1,11,2500.0,5.0,650.0,350000.0,412114.5543673199
1,1,27391.0,9.0,180.0,18000.0,21871.122851654698
3,11,27000.0,7.0,250.0,140000.0,170467.12262334878
1,7,13400.0,4.0,390.0,160000.0,224512.44296014315
1,5,10473.0,3.0,150.0,97000.0,73610.51347368774
1,5,21000.0,5.0,150.0,62000.0,67291.79834776609
1,3,44000.0,7.0,100.0,30000.0,8253.949012799567
1,10,9000.0,4.0,650.0,400000.0,401950.12723299646
1,5,12398.0,3.0,250.0,86000.0,127191.40425088386
1,2,17000.0,4.0,350.0,115000.0,140339.7986540479
1,1,13241.0,4.0,200.0,70000.0,47544.74775619041
1,3,23500.0,6.0,110.0,25000.0,17870.499689363976
1,1,10000.0,4.0,100.0,43000.0,-5942.396121581034
1,16,7093.0,3.0,310.0,360000.0,297143.89318754064
2,2,29235.0,6.0,500.0,89000.0,204745.81766838132
1,1,22200.0,5.0,150.0,38000.0,17263.126371865466
1,6,34860.0,6.0,125.0,18000.0,62576.35038077338
2,1,16000.0,5.0,200.0,110000.0,34833.176193327
1,7,9221.0,3.0,200.0,130000.0,125530.30576902117
1,8,720.0,4.0,150.0,88000.0,108978.26635597182
1,6,19659.0,3.0,310.0,200000.0,171390.76732081617
1,2,1450.0,5.0,500.0,149100.0,219240.1475177203
1,4,13000.0,9.0,250.0,67000.0,97956.2894103781
1,1,5300.0,6.0,200.0,100400.0,42541.6236170278
1,1,54519.0,10.0,100.0,17000.0,-25820.196047033223
1,5,40000.0,6.0,150.0,65300.0,63153.90409487592
1,1,15581.0,3.0,150.0,55000.0,23303.45024934363
1,2,13190.0,4.0,350.0,100000.0,140611.20875040657
1,1,72300.0,14.0,150.0,11500.0,-11365.459791347443
1,1,26000.0,7.0,100.0,20300.0,-15435.392803950941
1,1,13049.0,11.0,100.0,18000.0,-25650.434518608792
1,3,32416.0,6.0,150.0,45000.0,38722.565542253506
1,3,22405.0,5.0,100.0,32000.0,15361.106906830857
1,8,5156.0,2.0,150.0,92000.0,114231.07353653527
1,3,20000.0,7.0,100.0,32000.0,9963.618911121885
1,1,9718.0,5.0,150.0,50000.0,18152.2971914846
1,5,32000.0,7.0,150.0,85000.0,60939.388477598346
1,6,14333.0,10.0,110.0,12000.0,44843.291381475676
1,3,86000.0,7.0,125.0,25000.0,18691.5318283082
1,3,3000.0,5.0,100.0,35242.0,16743.446255870207
1,1,20058.0,4.0,150.0,51000.0,20200.119993675748
1,6,8120.0,2.0,200.0,102000.0,115907.34533874558
1,2,27000.0,10.0,350.0,82000.0,122921.00269610355
1,2,30000.0,7.0,500.0,101400.0,211637.5415344044
1,4,13500.0,4.0,125.0,52099.0,44695.17351655802
1,2,26000.0,6.0,350.0,89700.0,134129.86127540702
1,3,20000.0,4.0,125.0,39000.0,31746.340798849604
2,5,30000.0,5.0,150.0,35000.0,56920.046958478124
1,1,17652.0,3.0,100.0,36000.0,-3703.0902907777927
1,1,5800.0,7.0,220.0,45000.0,50465.20402081922
1,2,39645.0,6.0,350.0,100000.0,133157.842701965
1,2,9876.0,4.0,350.0,110000.0,140847.2856688666
1,1,19346.0,4.0,150.0,26000.0,20250.84020065931
1,6,9000.0,4.0,110.0,31000.0,61929.62778044208
1,5,67527.0,8.0,150.0,26000.0,55624.172790975965
1,2,23552.0,8.0,350.0,115000.0,128735.43643826588
1,4,69761.0,9.0,125.0,19000.0,26765.323176736652
1,3,11000.0,4.0,110.0,42000.0,24329.763928176864
1,2,9500.0,9.0,350.0,80000.0,126952.0425803486
1,2,12100.0,9.0,500.0,89730.0,207343.85916679975
1,2,11000.0,6.0,350.0,92500.0,135198.40496185847
1,3,6843.0,4.0,100.0,42000.0,19254.090946786368
1,1,17000.0,5.0,150.0,43000.0,17633.554849835302
1,5,38554.0,7.0,150.0,25000.0,60472.50612286483
1,1,27400.0,4.0,400.0,125000.0,153972.15485300747
1,3,1406.0,2.0,200.0,90000.0,78928.23413206288
1,4,20322.0,10.0,125.0,25000.0,27502.766347649842
2,2,17000.0,13.0,350.0,75000.0,105549.52322616575
1,7,22000.0,5.0,200.0,126999.0,119051.16661764028
1,4,13200.0,7.0,110.0,32000.0,28305.62455758841
1,4,17405.0,7.0,125.0,35500.0,36063.7792266968
1,2,19111.0,7.0,500.0,105000.0,212413.23301452235
1,1,45000.0,6.0,220.0,55000.0,50457.14877027778
1,6,7421.0,3.0,160.0,65000.0,91685.52567103291
1,8,29451.0,6.0,150.0,58000.0,101362.7666121727
1,4,21000.0,8.0,250.0,65000.0,100170.80502765566
1,5,8800.0,3.0,150.0,65000.0,73729.69171284995
1,3,7830.0,4.0,110.0,35000.0,24555.582827246937
1,1,19300.0,8.0,125.0,16900.0,-4313.010403148284
1,8,85000.0,6.0,150.0,34000.0,97405.66439625995
2,6,17000.0,5.0,100.0,22800.0,43472.904998503465
1,5,27454.0,9.0,150.0,26000.0,55694.417284068884
1,10,5150.0,7.0,300.0,166000.0,205858.09810301312
1,1,42000.0,14.0,150.0,16000.0,-9207.001544715517
1,2,6742.0,7.0,350.0,100000.0,132717.32331293414
1,1,25000.0,10.0,150.0,17000.0,3141.63696680282
1,3,43000.0,10.0,100.0,22000.0,-28.031491592024395
2,2,13000.0,10.0,350.0,73000.0,114187.68495937447
1,3,1745.0,2.0,100.0,56000.0,25186.064494458347
1,4,74.0,1.0,110.0,60000.0,45947.10501978925
1,2,26379.0,11.0,350.0,71000.0,120180.83482133764
1,4,7113.0,3.0,160.0,87000.0,66735.87219423581
1,2,18000.0,5.0,350.0,91000.0,137484.1568248995
1,2,3842.0,7.0,350.0,85000.0,132923.90842564811
1,2,12000.0,7.0,535.0,118000.0,231721.10115074785
1,2,12975.0,6.0,350.0,95783.0,135057.71337647567
1,8,18158.0,6.0,150.0,53000.0,102167.23753557912
1,7,50926.0,6.0,390.0,172000.0,216270.42043485463
1,2,100670.0,5.0,350.0,110000.0,131595.0563876367
2,7,58093.0,6.0,390.0,85000.0,206029.24508405104
1,1,33256.0,12.0,150.0,22000.0,-3015.3006449900713
1,1,107000.0,16.0,100.0,10600.0,-46265.178961253834
1,6,8000.0,3.0,310.0,189400.0,172221.310710172
1,8,21000.0,8.0,1300.0,950000.0,714153.2092866928
1,4,24310.0,7.0,125.0,28000.0,35571.89294970031
1,4,2500.0,3.0,125.0,65000.0,48263.17780334076
1,1,22700.0,7.0,200.0,55000.0,38517.707357359104
1,1,4727.0,3.0,160.0,72300.0,29448.45051588898
2,1,32148.0,14.0,150.0,12000.0,-18235.80722887131
1,3,18300.0,9.0,110.0,24000.0,9887.711417178783
1,1,28435.0,6.0,220.0,58000.0,51637.17718134899
1,1,477976.0,14.0,135.0,13500.0,-48321.99811021624
1,2,23350.0,7.0,500.0,110000.0,212111.26256873115
1,1,64955.0,15.0,150.0,10000.0,-13626.635149600057
1,1,36888.0,13.0,135.0,15000.0,-14116.139355531457
1,1,42300.0,11.0,150.0,22000.0,-875.155668289517
1,1,16000.0,5.0,220.0,47000.0,55307.40548080225
1,2,20000.0,7.0,350.0,99500.0,131772.87316660257
1,1,7684.0,2.0,200.0,105000.0,53509.41874066781
1,4,35000.0,9.0,250.0,125000.0,96389.09200358264
2,3,8100.0,5.0,223.0,52000.0,72722.68150191722
1,2,14008.0,6.0,350.0,95000.0,134984.12633460207
1,3,17853.0,8.0,100.0,23000.0,7332.157547390962
1,6,6200.0,3.0,200.0,78000.0,113259.71334722634
2,7,35000.0,9.0,200.0,67500.0,97256.84791175857
2,3,45000.0,10.0,223.0,29500.0,56172.036116321615
1,3,25683.0,9.0,100.0,24000.0,3989.9721596783056
1,1,13400.0,6.0,200.0,108000.0,41964.61002634402
1,1,52018.0,7.0,100.0,17500.0,-17288.81744622386
2,6,70000.0,15.0,110.0,18000.0,17225.130194220677
1,5,2000.0,4.0,150.0,115700.0,71429.69260065626
1,2,7582.0,4.0,535.0,135000.0,240389.03963468567
1,1,30500.0,5.0,150.0,40000.0,16671.865532028998
1,2,26157.0,4.0,410.0,150000.0,171918.3006817666
1,3,18000.0,8.0,100.0,30900.0,7321.685819263745
1,6,20000.0,6.0,160.0,55000.0,82436.2281854197
1,5,7500.0,3.0,150.0,78000.0,73822.2988323424
1,3,2584.0,11.0,100.0,20000.0,66.64703379775165
1,9,16462.0,6.0,750.0,300000.0,437081.9746303844
1,6,15929.0,3.0,160.0,85000.0,91079.44769207768
1,3,20748.0,4.0,100.0,47000.0,18263.550949445867
1,1,5500.0,3.0,180.0,70705.0,40136.98900797199
1,2,5000.0,3.0,350.0,160000.0,143979.03918659408
1,7,13600.0,6.0,390.0,111400.0,218929.38454422046
1,1,9200.0,4.0,400.0,170000.0,155268.6545259019
1,8,12000.0,4.0,150.0,50000.0,108174.72150376033
1,4,15000.0,7.0,250.0,85000.0,103382.62808562127
1,3,25000.0,11.0,100.0,22600.0,-1530.1846512352931
1,6,19877.0,5.0,180.0,42000.0,95972.99993709176
1,2,24000.0,9.0,350.0,84200.0,125919.11701677887
1,3,4500.0,5.0,149.0,65000.0,42958.42195686752
1,2,25353.0,5.0,500.0,110000.0,217537.38753523707
1,3,42000.0,12.0,100.0,18000.0,-5525.606412598609
1,1,20000.0,7.0,220.0,65000.0,49453.649330978515
1,2,38369.0,6.0,350.0,97000.0,133248.74015155918
1,4,28090.0,9.0,125.0,20000.0,29733.808773944533
1,3,22113.0,18.0,100.0,25000.0,-20815.364693411328
1,3,17857.0,6.0,100.0,26500.0,12900.68376917793
1,2,7000.0,5.0,350.0,100000.0,138267.75552829722
1,1,10495.0,11.0,135.0,20000.0,-6667.189954327245
1,4,17600.0,5.0,125.0,40000.0,41618.69932554294
1,1,9799.0,4.0,220.0,70000.0,58533.547024166284
1,5,25000.0,6.0,150.0,42000.0,64222.44778132737
1,2,12827.0,4.0,500.0,120000.0,221214.09833305475
1,3,22000.0,4.0,110.0,45000.0,23546.165224779135
1,1,30243.0,13.0,100.0,14000.0,-32444.081695035224
1,2,8000.0,5.0,535.0,94836.0,237574.85730057157
1,2,30000.0,5.0,350.0,80000.0,136629.32187573833
1,4,10956.0,3.0,250.0,150000.0,114808.32979702861
1,5,6000.0,2.0,150.0,98000.0,76713.55878437257
1,2,10951.0,6.0,500.0,175000.0,215778.92636333697
1,9,8000.0,5.0,750.0,445600.0,440469.1813254195
1,4,52345.0,7.0,110.0,24000.0,25517.081717178953
1,3,19851.0,4.0,110.0,29000.0,23699.25191692474
1,2,39838.0,20.0,350.0,65000.0,94162.41593914256
1,2,30000.0,11.0,350.0,65000.0,119922.88837542826
1,1,2400.0,4.0,150.0,80000.0,21458.009621366393
1,2,16000.0,6.0,350.0,127000.0,134842.22373304132
1,1,26000.0,3.0,180.0,68000.0,38676.64596982168
1,1,15000.0,3.0,100.0,41500.0,-3514.1717670131766
1,3,15500.0,11.0,100.0,24000.0,-853.440316482709
1,1,17663.0,3.0,100.0,37000.0,-3703.8738894811904
1,7,21000.0,6.0,390.0,150000.0,218402.23632557108
1,1,5399.0,4.0,220.0,75000.0,58846.986505525376
1,1,57444.0,6.0,200.0,82000.0,38827.08081793951
1,1,45000.0,8.0,100.0,26799.0,-19573.287056841116
1,3,10996.0,4.0,100.0,35000.0,18958.246818130836
1,5,7200.0,5.0,110.0,38800.0,46787.65031918514
1,6,14000.0,3.0,310.0,205000.0,171793.89323559141
1,4,74999.0,12.0,125.0,15000.0,18038.970971272778
1,1,20012.0,4.0,220.0,56000.0,57806.01124618438
1,6,52594.0,3.0,200.0,90000.0,109954.77896127779
1,3,25000.0,7.0,150.0,35800.0,36466.4479574501
1,1,16544.0,4.0,100.0,30000.0,-6408.566113856919
1,2,9300.0,10.0,350.0,65000.0,124181.88424611626
1,3,23497.0,5.0,100.0,38000.0,15283.316926457192
1,3,15206.0,8.0,125.0,25000.0,20950.225027499444
1,2,16000.0,5.0,500.0,95000.0,218203.6601418624
1,4,10060.0,4.0,250.0,173400.0,112087.75188984764
1,3,4130.0,5.0,100.0,23000.0,16662.949298157546
1,2,33144.0,14.0,350.0,70000.0,111345.704868593
1,5,27300.0,3.0,150.0,100000.0,72411.8211662265
2,3,43000.0,11.0,223.0,29900.0,53530.10302446346
1,1,16954.0,6.0,100.0,25000.0,-12006.584141389947
1,4,18000.0,7.0,125.0,26000.0,36021.393660467555
1,8,2800.0,2.0,750.0,740000.0,436707.0294332983
1,2,18500.0,4.0,350.0,115000.0,140232.94428540277
1,3,37877.0,7.0,100.0,26000.0,8690.128545609055
1,5,18748.0,8.0,150.0,28500.0,59099.005623070305
1,1,37128.0,7.0,200.0,46000.0,37489.91080348434
1,7,4866.0,4.0,390.0,183000.0,225120.37308148824
1,3,14256.0,12.0,223.0,28000.0,62523.937266719586
1,14,16000.0,4.0,675.0,650000.0,464824.1671312097
1,3,15000.0,5.0,100.0,26000.0,15888.611306709048
1,1,36000.0,15.0,150.0,14227.0,-11563.989653519951
1,2,20631.0,12.0,350.0,54000.0,117805.89517860081
2,2,19600.0,5.0,410.0,150000.0,159870.3659844353
1,4,33000.0,8.0,150.0,47100.0,45597.94952820378
2,1,36526.0,11.0,100.0,19269.0,-37053.473037813936
1,6,34688.0,13.0,160.0,21000.0,61899.07112395139
1,4,31542.0,12.0,150.0,20500.0,34564.189640986835
1,7,4568.0,4.0,390.0,195000.0,225141.60148272576
1,2,15000.0,9.0,350.0,74000.0,126560.24322864974
1,1,60000.0,9.0,150.0,25000.0,3432.7739484677877
1,1,20785.0,5.0,150.0,36000.0,17363.925659620727
1,5,9463.0,4.0,250.0,110000.0,124616.07704881452
1,4,15426.0,6.0,110.0,37500.0,30931.45825790403
1,1,12486.0,5.0,150.0,52000.0,17955.115263211424
1,8,9090.0,4.0,150.0,83000.0,108382.01897893193
1,1,24780.0,14.0,150.0,13000.0,-7980.3133926692535
1,1,20500.0,8.0,220.0,32000.0,46633.625624711785
1,1,46000.0,7.0,100.0,21000.0,-16860.11771921954
1,7,25327.0,5.0,390.0,110000.0,220878.40267353773
1,3,18114.0,7.0,100.0,23000.0,10097.970470631713
1,1,3000.0,4.0,150.0,55000.0,21415.267873908335
1,2,36000.0,15.0,350.0,81865.0,108357.84856730765
1,2,31500.0,5.0,350.0,109600.0,136522.46750709316
1,1,45000.0,9.0,100.0,17000.0,-22357.692640226123
1,3,18000.0,4.0,100.0,55000.0,18459.308152803773
1,2,41000.0,9.0,350.0,75000.0,124708.10083880056
1,1,25000.0,7.0,220.0,65000.0,49097.468102161365
1,6,13200.0,4.0,160.0,62000.0,88489.44582338106
1,3,9000.0,3.0,100.0,52500.0,21884.839948059656
2,1,29000.0,8.0,200.0,46000.0,25553.8882482474
1,2,33962.0,10.0,350.0,66778.0,122425.05595309856
1,3,43358.0,10.0,100.0,20000.0,-53.5340675753323
1,1,3500.0,4.0,150.0,60000.0,21379.64975102662
1,7,10800.0,6.0,390.0,140000.0,219128.84603235807
1,1,6500.0,4.0,160.0,80000.0,26537.743068765412
1,5,50000.0,8.0,150.0,54500.0,56872.73047047159
1,4,18000.0,4.0,110.0,47600.0,36316.907328078974
1,2,8554.0,5.0,500.0,125000.0,218734.0852278169
1,3,65000.0,10.0,100.0,11000.0,-1595.2288983874823
1,4,25868.0,8.0,150.0,42000.0,46106.006432988564
1,2,11500.0,5.0,500.0,169999.0,218524.2232477978
1,1,22500.0,4.0,200.0,101300.0,46885.17135666682
1,4,45355.0,6.0,125.0,30000.0,36857.13174099395
1,11,19000.0,5.0,250.0,170000.0,196067.0741110604
1,5,41048.0,10.0,150.0,29900.0,51941.626175775804
1,1,29324.0,7.0,200.0,41000.0,38045.838465422145
1,1,15000.0,4.0,200.0,90000.0,47419.44319989254
1,2,8575.0,4.0,500.0,146006.0,221516.99485004088
1,3,22915.0,3.0,100.0,52000.0,20893.587588261522
4,3,2009.0,12.0,100.0,23000.0,-31868.67324052458
1,1,23000.0,5.0,150.0,65000.0,17206.137375254722
3,4,89454.0,17.0,125.0,27000.0,-16374.027232996843
1,1,27192.0,5.0,150.0,48000.0,16907.515033014424
1,3,40000.0,6.0,150.0,40000.0,38182.30985438365
1,3,21300.0,10.0,100.0,25000.0,1517.7950414744046
1,4,11021.0,4.0,160.0,56000.0,63673.075362407326
1,6,2800.0,2.0,200.0,98500.0,116286.32216620703
1,5,40828.0,6.0,150.0,32000.0,63094.9204833838
1,8,8000.0,4.0,150.0,88000.0,108459.66648681405
1,3,12699.0,5.0,125.0,45000.0,29482.031045783384
2,6,20482.0,4.0,160.0,60000.0,78240.07830431465
2,3,52000.0,7.0,223.0,42000.0,64026.599146132634
1,5,1500.0,2.0,150.0,125000.0,77034.121890308
1,1,27451.0,5.0,150.0,31000.0,16889.064845361703
1,4,33000.0,10.0,110.0,27400.0,18541.93014131747
1,4,29000.0,9.0,125.0,25000.0,29668.98379029981
1,1,350.0,4.0,200.0,145000.0,48463.05420032679
1,1,21814.0,7.0,135.0,15500.0,3664.1093134165276
2,1,55000.0,11.0,150.0,16400.0,-11510.48116690218
1,1,5095.0,5.0,150.0,41000.0,18481.622355648942
2,1,16880.0,2.0,160.0,70000.0,21636.496827093928
1,4,24029.0,5.0,125.0,38000.0,41160.72150152986
1,5,12000.0,3.0,150.0,80000.0,73501.73572640697
1,3,32030.0,7.0,150.0,30000.0,35965.65714973319
1,3,19000.0,7.0,100.0,34000.0,10034.855156885314
1,1,19400.0,7.0,220.0,52000.0,49496.39107843657
1,2,17580.0,8.0,350.0,85000.0,129160.85929796509
1,5,7898.0,4.0,250.0,95000.0,124727.5617734343
1,1,32791.0,12.0,100.0,16000.0,-29841.18606585543
1,7,5738.0,3.0,200.0,136000.0,125778.42161301519
1,9,10943.0,6.0,750.0,365000.0,437475.12747075275
1,9,6000.0,5.0,750.0,450000.0,440611.6538169464
1,5,10000.0,3.0,150.0,90000.0,73644.20821793383
1,3,14249.0,6.0,125.0,32000.0,26587.209281465068
1,4,5900.0,2.0,110.0,54000.0,42747.677068586505
1,8,1700.0,3.0,150.0,80000.0,111692.86041850866
1,1,25232.0,5.0,200.0,110000.0,43906.148349856114
1,2,14300.0,7.0,350.0,90000.0,132178.91976745415
1,4,28032.0,7.0,150.0,61483.0,48736.2567805415
1,1,42083.0,13.0,150.0,12000.0,-6428.508569728874
1,3,19253.0,6.0,100.0,36000.0,12801.237970092181
1,1,15000.0,4.0,150.0,49000.0,20560.432924747176
1,5,56113.0,11.0,150.0,16500.0,48084.046549964725
1,4,40000.0,8.0,125.0,25000.0,31669.790670287097
2,4,24513.0,8.0,150.0,34400.0,36471.90636858091
1,4,21455.0,9.0,150.0,32000.0,43635.96640215757
1,6,41000.0,8.0,100.0,25000.0,43140.643527443215
1,1,22000.0,3.0,400.0,140000.0,157141.23616351502
1,7,17573.0,4.0,250.0,145000.0,149009.94533616537
1,1,4200.0,9.0,200.0,60000.0,34266.76673721254
1,8,19334.0,4.0,150.0,54000.0,107652.27487733135
1,3,8000.0,3.0,100.0,48000.0,21956.076193823086
1,3,18197.0,5.0,100.0,29500.0,15660.86902900337
1,6,17237.0,4.0,160.0,52000.0,88201.86509923408
1,4,43000.0,12.0,150.0,20000.0,33747.96473702944
1,12,7000.0,5.0,300.0,145000.0,236266.71645561303
1,1,15508.0,6.0,100.0,26000.0,-11903.576530016027
1,4,21500.0,5.0,110.0,34600.0,33283.17488452197
1,8,3240.0,2.0,150.0,68000.0,114367.562183418
1,5,5000.0,10.0,150.0,25000.0,54509.550363055925
1,12,22000.0,3.0,300.0,126000.0,240766.98393593164
1,5,18237.0,7.0,150.0,45000.0,61919.812928040425
1,8,10923.0,3.0,150.0,98102.0,111035.84852383255
1,2,7000.0,4.0,350.0,140000.0,141052.1611116822
1,7,6700.0,4.0,390.0,220000.0,224989.7258067581
1,2,4200.0,4.0,350.0,131500.0,141251.6225998198
1,2,17000.0,5.0,535.0,155000.0,236933.7310887007
1,1,14311.0,5.0,150.0,42000.0,17825.109114693172
1,2,45000.0,18.0,350.0,80000.0,99363.50560528175
1,1,15235.0,5.0,150.0,60000.0,17759.286823607763
1,13,10000.0,4.0,300.0,220500.0,251323.21042195387
1,2,25000.0,7.0,350.0,105000.0,131416.69193778542
1,4,22430.0,4.0,125.0,34000.0,44059.03384189059
1,1,17028.0,7.0,220.0,42000.0,49665.36345338743
1,1,40000.0,6.0,220.0,38000.0,50813.32999909493
1,3,43000.0,9.0,100.0,21500.0,2756.3740917929827
1,4,24990.0,8.0,125.0,28000.0,32739.04671919618
1,1,22540.0,5.0,150.0,38700.0,17238.9060483059
1,1,1700.0,3.0,100.0,42000.0,-2566.729698359559
1,4,71188.0,7.0,150.0,30000.0,45661.98535837492
1,1,32987.0,4.0,150.0,56000.0,19279.106572200355
1,1,18700.0,5.0,220.0,60000.0,55115.06761724099
1,4,79004.0,7.0,125.0,30000.0,31675.697723915277
1,2,15000.0,8.0,350.0,97100.0,129344.64881203473
1,1,23000.0,8.0,200.0,46000.0,35711.930900245075
1,1,45037.0,6.0,180.0,48000.0,28967.304809068228
1,1,91000.0,10.0,220.0,26900.0,36042.65913161996
3,1,31500.0,14.0,200.0,33000.0,-1061.2610438883348
1,2,1380.0,2.0,410.0,184000.0,179252.13230981713
1,1,18345.0,10.0,135.0,26500.0,-4441.988900185155
1,9,2000.0,5.0,750.0,450000.0,440896.5988000001
2,6,28454.0,4.0,160.0,43000.0,77672.18295308859
2,1,39309.0,8.0,200.0,55000.0,24819.513790672194
1,1,13128.0,5.0,100.0,25800.0,-8949.62868171405
1,1,11408.0,3.0,100.0,38000.0,-3258.2911722309364
1,4,37000.0,7.0,150.0,35000.0,48097.41012853506
2,2,21057.0,5.0,500.0,125000.0,208112.79326961964
1,3,17226.0,4.0,100.0,42000.0,18514.445007024668
1,5,21500.0,6.0,150.0,45500.0,64471.774641499374
2,5,9800.0,6.0,1000.0,1550000.0,512177.7882169856
1,1,98707.0,11.0,150.0,25000.0,-4893.378583067315
2,8,12000.0,5.0,150.0,45500.0,95659.69074295824
1,1,25000.0,8.0,125.0,22000.0,-4719.057003999835
1,5,45.0,3.0,150.0,77500.0,74353.36504450878
2,1,6500.0,7.0,125.0,25000.0,-10347.40605140847
1,3,20135.0,10.0,100.0,31000.0,1600.7852677888004
1,3,50000.0,13.0,150.0,15600.0,17979.108313054297
1,2,3537.0,4.0,350.0,111467.0,141298.85223076097
1,1,32734.0,6.0,220.0,55000.0,51330.93256081201
1,1,2055.0,3.0,180.0,73000.0,40382.397874627
1,1,45322.0,7.0,150.0,30000.0,10047.190730553426
1,1,19134.0,6.0,220.0,65000.0,52299.74550319466
1,4,12322.0,2.0,110.0,52000.0,42290.19789829374
1,1,10000.0,5.0,220.0,75000.0,55734.82295538283
1,1,26000.0,8.0,200.0,52949.0,35498.222162954786
2,3,29494.0,8.0,100.0,37000.0,-3227.728766958222
1,3,17980.0,6.0,100.0,24000.0,12891.921710949027
1,7,6000.0,4.0,390.0,215000.0,225039.59117879253
1,3,20000.0,13.0,150.0,22000.0,20116.195685957195
1,7,7965.0,6.0,390.0,160000.0,219330.80078909738
1,1,7200.0,6.0,220.0,60600.0,53149.87886013543
1,3,22002.0,11.0,100.0,17500.0,-1316.6183864365303
1,3,12889.0,5.0,100.0,32000.0,16038.991021515656
1,2,400.0,4.0,350.0,140000.0,141522.32033372083
1,1,26000.0,6.0,200.0,85000.0,41067.0333297248
1,7,12500.0,4.0,250.0,150000.0,149371.32681092323
1,7,8500.0,3.0,390.0,228800.0,227645.90614776895
1,1,61200.0,12.0,100.0,15000.0,-31864.936571748716
1,4,26500.0,9.0,250.0,68100.0,96994.6000925718
1,3,20757.0,8.0,100.0,20800.0,7125.287489693961
1,2,10043.0,4.0,350.0,92000.0,140835.38921582408
1,2,22400.0,6.0,350.0,110000.0,134386.31176015537
1,1,33212.0,6.0,200.0,70500.0,40553.27752527894
2,3,32162.0,10.0,100.0,25000.0,-8986.598237425074
2,1,42000.0,14.0,135.0,20000.0,-26995.32980467623
1,1,38425.0,8.0,125.0,25000.0,-5675.403603373881
1,1,32894.0,5.0,220.0,85000.0,54103.94034487486
2,9,2400.0,7.0,883.0,421000.0,497013.63528939424
1,8,26796.0,6.0,150.0,35000.0,101551.89884467462
1,1,30000.0,6.0,150.0,55000.0,13923.078071525713
1,2,23000.0,7.0,350.0,98000.0,131559.16442931228
1,2,2503.0,4.0,350.0,130000.0,141372.51050888037
1,8,3800.0,7.0,1300.0,1250000.0,718162.8782972088
1,1,41016.0,9.0,180.0,35000.0,20900.52900312796
1,3,5000.0,10.0,100.0,20000.0,2678.945847418312
1,5,65798.0,10.0,125.0,22000.0,36749.02395555824
1,4,25036.0,6.0,125.0,26500.0,38304.581018661076
1,1,21000.0,4.0,150.0,45000.0,20133.015450166597
1,5,85000.0,8.0,150.0,22800.0,54379.46186875155
1,3,19774.0,9.0,100.0,21000.0,4410.907135894406
3,14,7800.0,5.0,675.0,599999.0,443162.6484082506
1,4,40870.0,4.0,150.0,55000.0,56174.94260758562
1,3,33474.0,12.0,100.0,16000.0,-4918.246181219605
1,1,15989.0,4.0,100.0,32000.0,-6369.029997458216
1,7,16000.0,7.0,390.0,113000.0,215974.0119710032
1,1,35308.0,14.0,125.0,13000.0,-22159.79372563932
1,6,5300.0,4.0,200.0,92600.0,110539.42038502842
1,1,8000.0,5.0,150.0,70000.0,18274.68106170617
1,5,33487.0,13.0,150.0,32000.0,44127.026679838076
1,2,31530.0,6.0,350.0,77616.0,133735.92483633524
1,2,1400.0,5.0,350.0,127300.0,138666.67850457242
1,5,50000.0,4.0,150.0,46000.0,68010.35280401162
1,5,24000.0,4.0,150.0,51000.0,69862.4951938608
1,2,3600.0,3.0,500.0,190000.0,224655.80075609894
1,8,35053.0,5.0,150.0,50000.0,103748.106746791
1,5,15372.0,10.0,150.0,18000.0,53770.68802199763
1,9,20000.0,6.0,883.0,550000.0,508274.90812475997
1,2,11306.0,3.0,350.0,150000.0,143529.82342080987
1,4,33000.0,12.0,125.0,28000.0,21030.822057091063
1,6,30000.0,4.0,200.0,55000.0,108779.8851146717
1,4,25000.0,7.0,110.0,26000.0,27465.036857579937
1,2,7875.0,6.0,350.0,95000.0,135421.0182298692
1,1,90000.0,5.0,100.0,32000.0,-14425.701366040434
1,4,8970.0,4.0,250.0,90600.0,112165.39939772977
1,2,70000.0,7.0,350.0,106000.0,128211.06087843109
1,1,35409.0,4.0,180.0,67000.0,35221.978550048545
1,3,48000.0,17.0,100.0,16900.0,-19875.05180410423
1,1,72000.0,10.0,125.0,18800.0,-13635.971721651062
1,8,16257.0,5.0,110.0,31000.0,83599.85500204413
1,2,15000.0,7.0,350.0,107000.0,132129.05439541972
1,3,25874.0,10.0,150.0,27000.0,28050.970728497836
1,1,25000.0,3.0,110.0,43000.0,1145.2678303815992
1,2,5222.0,5.0,350.0,118000.0,138394.41357326455
2,1,37066.0,16.0,100.0,10000.0,-51013.96852745123
1,8,21543.0,3.0,150.0,70000.0,110279.31959382493
1,4,3700.0,2.0,110.0,54000.0,42904.39680926605
1,1,23000.0,5.0,220.0,65000.0,54808.75176045824
1,1,68000.0,13.0,135.0,22100.0,-16332.441433723288
1,1,21000.0,4.0,220.0,63000.0,57735.62983537011
1,7,37326.0,5.0,390.0,150000.0,220023.6389606223
1,3,18000.0,11.0,100.0,22000.0,-1031.5309308912838
1,1,3500.0,4.0,180.0,60000.0,37495.05591611384
1,1,29700.0,5.0,220.0,51000.0,54331.46891384326
1,6,35000.0,10.0,100.0,17300.0,37999.249835253795
1,1,6000.0,3.0,220.0,80000.0,61588.579105206576
1,5,6363.0,3.0,150.0,47000.0,73903.29444377543
1,2,73000.0,7.0,350.0,83000.0,127997.3521411408
1,7,38500.0,5.0,390.0,115000.0,219940.00760809606
1,1,17904.0,6.0,100.0,23000.0,-12074.258574865205
1,2,20500.0,8.0,350.0,78500.0,128952.84946033587
1,1,11600.0,4.0,150.0,56000.0,20802.636160342838
1,2,32000.0,7.0,350.0,94049.0,130918.03821744143
1,4,2000.0,9.0,150.0,55000.0,45021.867563485095
1,6,18533.0,5.0,180.0,48000.0,96068.74145139781
1,1,7125.0,4.0,135.0,45000.0,13063.715277590578
1,1,10000.0,5.0,200.0,50200.0,44991.21884532468
3,7,8000.0,6.0,390.0,130000.0,199867.05716566148
1,8,24000.0,5.0,150.0,60000.0,104535.48097121417
1,6,32849.0,18.0,110.0,17500.0,21249.036387839937
1,5,12580.0,8.0,150.0,34000.0,59538.39078693914
1,2,20513.0,10.0,350.0,80800.0,123383.11222237094
1,3,26008.0,4.0,150.0,48500.0,44747.85857187559
1,1,24400.0,5.0,220.0,75000.0,54709.02101638944
1,6,10550.0,4.0,310.0,200000.0,169255.25270009023
1,7,8000.0,5.0,200.0,135000.0,120048.4740583283
1,3,38554.0,10.0,100.0,17500.0,288.68485707218497
1,3,18792.0,6.0,100.0,25000.0,12834.077879389122
1,3,73190.0,8.0,100.0,20000.0,3390.157415580048
1,1,51411.0,11.0,150.0,17000.0,-1524.1891034401342
2,3,25000.0,11.0,100.0,20000.0,-11260.80982865239
1,2,16800.0,3.0,500.0,140000.0,223715.48231202166
2,3,40000.0,5.0,125.0,30000.0,17806.585122778895
1,1,500.0,4.0,150.0,57000.0,21593.35848831691
1,1,65000.0,10.0,150.0,20000.0,292.18713626562385
1,3,15000.0,16.0,160.0,15000.0,17490.962219648398
1,7,12000.0,6.0,200.0,120000.0,116979.12349188958
1,5,2648.0,2.0,150.0,85000.0,76952.34268017158
1,4,32489.0,7.0,125.0,26000.0,34989.251695601226
1,6,3710.0,2.0,160.0,78700.0,94734.28896244602
1,6,31100.0,5.0,180.0,65000.0,95173.5155508888
1,6,25560.0,12.0,180.0,22000.0,76077.32526872313
1,1,30000.0,8.0,150.0,29200.0,8354.266904755692
1,6,20000.0,6.0,110.0,28980.0,55577.217910274354
1,1,8700.0,5.0,200.0,120000.0,45083.82596481714
2,1,30000.0,7.0,150.0,31000.0,1408.047310723603
1,3,3607.0,4.0,125.0,55000.0,32914.1165756495
1,6,4116.0,3.0,160.0,70000.0,91920.96146328106
1,9,22000.0,4.0,750.0,386000.0,442256.2794681165
1,4,54867.0,9.0,110.0,24500.0,19768.61273859357
2,3,28900.0,18.0,100.0,10000.0,-31029.47027082483
1,1,36100.0,6.0,220.0,45000.0,51091.15135757231
2,1,29000.0,6.0,200.0,44000.0,31122.6994150174
1,3,17962.0,4.0,100.0,42000.0,18462.015130142783
2,2,17500.0,6.0,350.0,85000.0,125004.7441869791
1,6,13219.0,9.0,160.0,34500.0,74566.0644177865
1,3,32000.0,7.0,223.0,55000.0,75181.94923881833
1,6,8000.0,2.0,160.0,76000.0,94428.68546812092
1,6,5515.0,7.0,110.0,20000.0,53824.669346772615
1,1,29000.0,7.0,220.0,55000.0,48812.523119107645
1,6,11536.0,5.0,100.0,34000.0,53592.76502277194
1,1,12000.0,6.0,220.0,65200.0,52807.94488047097
1,2,20000.0,4.0,350.0,130000.0,140126.0899167576
2,2,70000.0,24.0,350.0,70000.0,71145.54078346885
1,2,22550.0,6.0,350.0,109400.0,134375.62632329087
1,1,15000.0,9.0,150.0,27000.0,6638.4050078221335
1,1,39450.0,14.0,135.0,20300.0,-17083.05220056238
3,4,25000.0,8.0,150.0,55000.0,26706.589139477015
1,2,17000.0,7.0,500.0,98100.0,212563.61272932898
1,1,30000.0,11.0,220.0,35000.0,37603.66453980419
1,1,46507.0,9.0,200.0,40000.0,31252.974887699107
2,9,4378.0,6.0,750.0,325000.0,428212.16824677255
2,6,39822.0,13.0,150.0,9350.0,46430.91700575578
1,1,70000.0,11.0,150.0,26000.0,-2848.3996759365255
1,2,33885.0,8.0,350.0,89720.0,127999.35231079235
1,3,30000.0,9.0,100.0,20600.0,3682.4452867175714
1,2,15000.0,9.0,500.0,150000.0,207137.27405408584
1,1,8870.0,4.0,150.0,39000.0,20997.111111277
1,3,18000.0,6.0,110.0,38500.0,18262.29904106284
2,2,14000.0,6.0,350.0,105000.0,125254.07104715107
1,2,4500.0,4.0,350.0,175000.0,141230.2517260908
1,7,51600.0,6.0,390.0,125000.0,216222.40720521013
1,5,34900.0,7.0,150.0,45000.0,60732.8033648844
1,1,25805.0,5.0,150.0,45000.0,17006.31970588831
1,3,26000.0,6.0,100.0,38000.0,12320.60701992632
1,1,43596.0,11.0,150.0,12000.0,-967.4778427989222
1,4,24878.0,5.0,150.0,97000.0,54529.74706644939
1,2,23000.0,5.0,350.0,124000.0,137127.97559608234
1,2,12300.0,5.0,350.0,120000.0,137890.203425751
2,5,34500.0,7.0,150.0,30000.0,51030.672685772675
1,5,67445.0,10.0,150.0,55000.0,50061.20299635855
1,5,32000.0,13.0,150.0,22000.0,44232.954977288304
1,3,20293.0,8.0,100.0,25000.0,7158.341107728193
1,3,40688.0,5.0,100.0,25000.0,14058.694625538068
1,1,84384.0,13.0,180.0,20000.0,6673.533163319502
1,1,14524.0,10.0,180.0,25000.0,20003.31404250773
1,6,20000.0,4.0,200.0,70000.0,109492.247572306
1,3,24710.0,11.0,150.0,18000.0,25349.484135181454
1,1,24079.0,8.0,150.0,32000.0,8776.05671592096
1,1,13223.0,8.0,125.0,30000.0,-3880.1077376439207
1,3,26000.0,8.0,110.0,30000.0,12123.597908185373
3,1,27687.0,9.0,200.0,46000.0,13132.390678132666
1,3,33824.0,6.0,100.0,30000.0,11763.254633073244
1,1,11131.0,4.0,100.0,30000.0,-6022.964315539473
1,1,18000.0,6.0,150.0,35000.0,14777.913020686872
1,5,2617.0,2.0,150.0,95000.0,76954.55100379024
1,3,12457.0,3.0,110.0,39000.0,27010.378301484554
1,2,18552.0,4.0,500.0,128000.0,220806.27082605916
1,15,12500.0,5.0,1200.0,1490000.0,756794.4934172692
1,3,3000.0,4.0,110.0,57999.0,24899.653894284304
1,2,22600.0,8.0,350.0,100000.0,128803.25334423267
2,13,13000.0,5.0,300.0,220000.0,238594.4709238615
2,1,14600.0,6.0,220.0,48000.0,42892.105464068954
1,8,6000.0,4.0,150.0,80000.0,108602.13897834091
1,7,4500.0,3.0,390.0,210000.0,227930.85113082267
1,4,4700.0,4.0,160.0,86000.0,64123.35967187796
1,2,6300.0,3.0,500.0,200000.0,224463.4628925377
1,1,3450.0,4.0,220.0,76000.0,58985.82594851831
1,5,15500.0,5.0,150.0,60000.0,67683.59769946495
1,2,27235.0,4.0,350.0,99650.0,139610.6956786592
1,7,6240.0,5.0,200.0,130000.0,120173.84985087193
1,6,12500.0,5.0,180.0,66400.0,96498.5097220886
1,2,20000.0,4.0,350.0,121000.0,140126.0899167576
1,4,36000.0,10.0,150.0,46000.0,39815.42962414348
1,5,26408.0,11.0,150.0,50000.0,50200.1192303674
1,1,13330.0,5.0,125.0,35000.0,4465.486734214413
1,6,33000.0,11.0,160.0,22500.0,67588.12907357009
1,3,38000.0,15.0,223.0,15000.0,52479.28709715768
1,5,22783.0,10.0,150.0,19000.0,53242.756204644844
1,3,78822.0,8.0,125.0,19000.0,16418.460017013087
1,4,15242.0,6.0,110.0,35000.0,30944.5657271245
2,1,50000.0,8.0,135.0,30000.0,-10858.78627047361
1,4,2505.0,2.0,110.0,53000.0,42989.52412295334
1,1,19374.0,4.0,100.0,35000.0,-6610.164689367426
1,10,2500.0,2.0,900.0,935000.0,542277.0253729557
1,2,4900.0,3.0,350.0,145000.0,143986.1628111704
1,3,15000.0,5.0,100.0,33700.0,15888.611306709048
1,2,26000.0,4.0,350.0,95500.0,139698.67244217702
1,5,19000.0,6.0,150.0,50000.0,64649.86525590795
1,3,16432.0,3.0,100.0,35000.0,21355.412169545845
1,4,24182.0,10.0,110.0,24500.0,19170.09135645941
1,14,25800.0,4.0,800.0,1200000.0,531273.5776105915
1,7,30000.0,9.0,200.0,64999.0,107343.65431799281
1,3,26146.0,10.0,100.0,19500.0,1172.5841945048232
1,2,8300.0,5.0,350.0,125000.0,138175.14840880473
2,5,12332.0,6.0,150.0,60000.0,55394.243365241404
1,1,58000.0,7.0,180.0,42000.0,25259.46377185188
1,5,35000.0,11.0,150.0,32000.0,49588.05740676801
1,1,90393.0,10.0,180.0,25000.0,14598.691312682073
1,1,6177.0,3.0,400.0,160000.0,158268.40728022973
1,5,80000.0,7.0,150.0,22500.0,57520.04868095371
1,4,19000.0,5.0,125.0,35900.0,41518.96858147414
1,1,59217.0,5.0,150.0,30000.0,14626.174262440589
2,3,30000.0,13.0,223.0,16900.0,48887.363052618035
1,2,1500.0,3.0,350.0,151000.0,144228.36604676605
1,2,6000.0,3.0,500.0,170000.0,224484.8337662667
1,2,12000.0,2.0,350.0,155000.0,146264.7910496351
1,6,55326.0,5.0,160.0,47000.0,82704.1421509658
1,8,14495.0,3.0,150.0,98000.0,110781.39265396558
1,5,6900.0,3.0,150.0,115000.0,73865.04057980046
1,2,19562.0,7.0,350.0,97500.0,131804.074642247
1,1,14821.0,9.0,100.0,17000.0,-20207.853979331572
1,15,190.0,1.0,1100.0,1350000.0,715091.0133858663
1,6,40000.0,8.0,180.0,39000.0,86186.29621343921
1,1,15000.0,6.0,220.0,60000.0,52594.23614318068
1,1,9500.0,3.0,400.0,157400.0,158031.68923555786
2,4,233011.0,4.0,250.0,106000.0,86474.93448322806
1,2,10847.0,7.0,350.0,100000.0,132424.89852407528
1,2,15000.0,5.0,350.0,120000.0,137697.86556218978
1,2,35123.0,6.0,350.0,90000.0,133479.97300530726
1,3,45238.0,10.0,100.0,24000.0,-187.45820961058052
1,1,23000.0,4.0,400.0,119000.0,154285.59433436656
2,1,15927.0,6.0,150.0,60000.0,5194.960580737359
2,14,5600.0,6.0,865.0,500000.0,552329.8267885147
1,5,42500.0,12.0,150.0,32500.0,46269.37998015729
1,5,32119.0,6.0,150.0,45000.0,63715.316947737505
1,3,3192.0,7.0,100.0,25000.0,11160.957729913614
2,2,15000.0,12.0,350.0,55000.0,108476.40130107761
1,4,23467.0,3.0,110.0,47000.0,38711.86435587531
1,2,33500.0,5.0,350.0,100000.0,136379.9950155663
1,1,64000.0,8.0,220.0,31900.0,43534.848934002584
1,4,18585.0,6.0,110.0,34000.0,30706.42295753736
1,1,30500.0,7.0,200.0,46000.0,37962.06464040435
2,3,18000.0,9.0,110.0,23000.0,178.45711349070916
1,7,7902.0,2.0,200.0,190000.0,128408.67196056813
1,6,28785.0,10.0,160.0,30000.0,70672.79543284794
1,3,46411.0,6.0,125.0,25000.0,24296.109145221635
1,5,55000.0,10.0,150.0,25000.0,50947.73807488443
1,3,22426.0,7.0,223.0,50000.0,75863.9650557574
2,1,78500.0,16.0,125.0,12000.0,-40536.0659968405
1,3,20000.0,9.0,100.0,26000.0,4394.8077443518705
1,1,11052.0,3.0,220.0,70000.0,61228.69359160973
1,4,1307.0,3.0,160.0,75000.0,67149.46983713828
1,5,33000.0,9.0,150.0,61400.0,55299.3410650649
1,5,26219.0,6.0,150.0,51000.0,64135.61079774174
2,6,35408.0,14.0,160.0,18000.0,49332.750266199626
2,2,2954.0,4.0,535.0,133100.0,230988.09580266173
1,3,13060.0,10.0,100.0,28000.0,2104.781706565067
1,3,17308.0,10.0,100.0,22000.0,1802.1701345620168
1,4,12974.0,4.0,110.0,46000.0,36674.94069928597
1,4,18000.0,7.0,110.0,27500.0,27963.690577923946
1,1,50000.0,6.0,150.0,30000.0,12498.353156257115
1,2,17000.0,4.0,350.0,139000.0,140339.7986540479
1,5,28261.0,4.0,150.0,69825.0,69558.95755066283
1,4,48000.0,13.0,150.0,20500.0,30607.37792482729
2,9,1174.0,3.0,750.0,450000.0,436793.62592835363
1,4,3000.0,4.0,125.0,55000.0,45443.15409707403
1,8,29000.0,4.0,150.0,55000.0,106963.70532578202
1,11,3165.0,4.0,250.0,270000.0,199979.50564610935
1,5,8000.0,3.0,150.0,128000.0,73786.68070946069
1,13,16500.0,4.0,250.0,124000.0,224001.16454934626
1,3,30579.0,6.0,125.0,29000.0,25423.921388148257
1,7,51137.0,7.0,390.0,125000.0,213470.98400361353
1,1,50745.0,12.0,125.0,10000.0,-17690.656484719366
1,3,14604.0,4.0,100.0,32000.0,18701.22644341638
1,5,4000.0,4.0,150.0,55000.0,71287.2201091294
3,1,13157.0,5.0,220.0,55000.0,36048.67977267348
1,1,4500.0,2.0,220.0,85000.0,64479.83905723672
1,1,37469.0,10.0,220.0,26000.0,39856.00660358214
1,1,13000.0,5.0,220.0,55000.0,55521.11421809254
1,1,39023.0,14.0,100.0,14500.0,-35853.94151622315
1,1,42000.0,8.0,220.0,40000.0,45102.04634079804
1,1,46000.0,7.0,220.0,49990.0,47601.50694112934
1,3,35500.0,10.0,150.0,20000.0,27365.25062677906
1,1,10500.0,6.0,200.0,80000.0,42171.19513905796
1,5,7000.0,5.0,150.0,103000.0,68289.10578845411
1,4,28795.0,8.0,125.0,23000.0,32467.99280406632
1,4,18494.0,4.0,150.0,65000.0,57768.924842788125
1,1,8000.0,4.0,220.0,85000.0,58661.7010302947
2,2,32182.0,9.0,350.0,95000.0,115605.63687652537
1,1,3000.0,2.0,160.0,85000.0,32355.88109570743
1,6,80000.0,9.0,160.0,40000.0,69808.8366894589
1,3,25000.0,5.0,110.0,42000.0,20548.05090410383
1,2,3311.0,6.0,350.0,104000.0,135746.14045553346
1,3,15430.0,7.0,110.0,35000.0,15660.970609289841
1,3,12296.0,3.0,100.0,43000.0,21650.04528202339
1,2,17000.0,12.0,350.0,65000.0,118064.55398696785
1,7,14000.0,5.0,390.0,130000.0,221685.29562930006
1,2,55532.0,4.0,350.0,111000.0,137594.92363229144
1,1,28026.0,5.0,200.0,98000.0,43707.11427919309
1,2,24800.0,7.0,350.0,83000.0,131430.9391869381
1,1,25000.0,6.0,150.0,44000.0,14279.259300342863
1,2,31000.0,7.0,350.0,85000.0,130989.27446320486
2,7,27240.0,7.0,390.0,110000.0,205442.69139120518
1,8,27700.0,5.0,150.0,65000.0,104271.90686188948
1,2,4900.0,4.0,350.0,150000.0,141201.75722778542
1,1,26542.0,14.0,100.0,21500.0,-34964.84193284978
1,3,33333.0,8.0,100.0,30200.0,6229.420462973067
1,1,9131.0,6.0,125.0,36000.0,1980.2021467900486
1,1,24500.0,12.0,200.0,39500.0,24467.454198059888
1,1,13000.0,4.0,200.0,122200.0,47561.9156914194
1,3,43000.0,6.0,100.0,32000.0,11109.590841948011
1,1,15600.0,4.0,150.0,70500.0,20517.691177289118
1,1,23000.0,10.0,100.0,14800.0,-23574.900816815676
1,2,11451.0,6.0,350.0,125000.0,135166.27741501917
1,2,16476.0,5.0,350.0,115000.0,137592.72086344293
1,1,45000.0,6.0,150.0,43000.0,12854.534385074265
1,7,5230.0,3.0,200.0,165000.0,125814.60962586301
1,1,19525.0,4.0,100.0,23484.0,-6620.921362477704
1,7,11700.0,4.0,390.0,200000.0,224633.544577941
1,2,16693.0,5.0,350.0,78500.0,137577.26259811228
2,3,1.0,13.0,100.0,30000.0,-15048.786087582426
2,5,13600.0,4.0,150.0,72000.0,60872.726972383374
1,2,37500.0,7.0,350.0,90100.0,130526.23886574256
1,3,17210.0,9.0,100.0,21000.0,4593.55687003184
1,2,10136.0,6.0,350.0,100000.0,135259.95307819807
1,3,53301.0,9.0,125.0,30000.0,15452.074661756575
1,4,80981.0,12.0,125.0,16000.0,17612.83574911594
1,10,7500.0,5.0,650.0,330000.0,399272.5760182566
1,1,35467.0,5.0,150.0,33000.0,16318.035099322049
1,5,9300.0,5.0,150.0,105000.0,68125.26242319822
1,2,10500.0,5.0,350.0,120000.0,138018.42866812518
1,7,11000.0,6.0,390.0,140000.0,219114.59878320538
1,1,19000.0,5.0,150.0,42000.0,17491.082358308442
1,1,24000.0,5.0,220.0,58000.0,54737.51551469481
1,2,19912.0,7.0,350.0,84000.0,131779.14195622975
2,1,17160.0,6.0,220.0,45000.0,42709.740674914574
1,5,16000.0,3.0,320.0,308000.0,164537.42567884747
2,8,18000.0,5.0,150.0,45000.0,95232.27326837766
1,1,6500.0,4.0,150.0,55000.0,21165.94101373633
1,5,24000.0,9.0,150.0,75000.0,55940.46727693577
1,2,28000.0,12.0,350.0,70000.0,117280.95528357012
1,1,8200.0,5.0,150.0,55000.0,18260.433812553485
1,1,10200.0,4.0,400.0,140000.0,155197.41828013846
1,6,23000.0,7.0,100.0,21000.0,47207.30153456998
1,3,34700.0,6.0,223.0,42000.0,77774.01695864207
1,1,49100.0,7.0,150.0,31074.0,9778.060194059188
1,5,14500.0,7.0,150.0,42000.0,62186.02277845837
1,7,24322.0,6.0,390.0,115000.0,218165.58951714495
1,9,13782.0,4.0,883.0,900000.0,514286.66626768705
1,1,14500.0,4.0,150.0,48400.0,20596.05104762889
1,5,26000.0,6.0,150.0,40300.0,64151.21153556394
1,4,36000.0,11.0,125.0,28000.0,23601.518903185788
1,2,20000.0,3.0,350.0,130000.0,142910.49550014263
1,4,17056.0,5.0,110.0,34500.0,33599.74876069465
1,11,5000.0,6.0,250.0,160000.0,194279.97596836346
2,2,40000.0,20.0,350.0,45000.0,84420.25048991178
1,4,46000.0,11.0,125.0,35000.0,22889.15644555149
1,2,286055.0,5.0,350.0,113000.0,118388.92496678328
2,12,20000.0,8.0,110.0,20000.0,115192.56428756398
1,2,29299.0,4.0,350.0,111500.0,139463.66406740347
1,4,37000.0,7.0,110.0,23000.0,26610.201908418778
2,3,36000.0,6.0,223.0,50100.0,67950.78466173251
1,2,16000.0,6.0,500.0,130000.0,215419.25455847738
1,4,11246.0,5.0,125.0,35000.0,42071.33443112379
1,10,6000.0,7.0,1000.0,1100000.0,581823.6911461494
1,2,1600.0,6.0,350.0,110000.0,135868.0256720347
1,2,38214.0,10.0,350.0,70000.0,122122.15943611246
1,1,12000.0,4.0,400.0,119500.0,155069.1930377643
1,6,23244.0,5.0,110.0,24000.0,58130.53311240279
1,11,17500.0,5.0,250.0,287500.0,196173.9284797056
1,1,27571.0,4.0,100.0,30000.0,-7194.088195890261
1,5,9964.0,5.0,150.0,80000.0,68077.9615560113
1,5,11227.0,3.0,150.0,62000.0,73556.80134438211
1,1,32997.0,11.0,100.0,17000.0,-27071.455149097692
1,1,22173.0,5.0,100.0,23000.0,-9593.96052464428
1,6,174638.0,14.0,150.0,23000.0,43773.35089094528
1,1,17540.0,8.0,150.0,24000.0,9241.870526968029
1,1,14000.0,5.0,150.0,60000.0,17847.26358712559
1,6,38056.0,10.0,100.0,18000.0,37781.55186820075
2,2,13900.0,3.0,500.0,163500.0,214191.4422473185
1,1,4000.0,4.0,400.0,109999.0,155639.08300387172
1,3,16123.0,4.0,100.0,40000.0,18593.018586101738
1,3,26000.0,6.0,100.0,27333.0,12320.60701992632
1,2,23000.0,6.0,350.0,118000.0,134343.5700126973
2,4,8500.0,5.0,125.0,36000.0,32536.323984573057
1,1,17000.0,5.0,220.0,70000.0,55236.16923503882
1,1,7734.0,4.0,200.0,101697.0,47937.045761609625
1,3,20000.0,5.0,100.0,24600.0,15532.430077891899
1,2,9400.0,4.0,500.0,145700.0,221458.22494728607
1,8,8728.0,3.0,150.0,55000.0,111192.2120832833
1,4,24533.0,6.0,125.0,38000.0,38340.412850280074
1,6,14525.0,3.0,160.0,60000.0,91179.4633811295
1,3,20930.0,3.0,100.0,35000.0,21034.991536101938
1,1,18085.0,7.0,125.0,24000.0,-1442.0527811607099
1,1,17000.0,3.0,220.0,80000.0,60804.98040180885
1,3,16000.0,7.0,100.0,25000.0,10248.563894175604
1,2,23045.0,9.0,350.0,75000.0,125987.14763148293
1,1,15334.0,6.0,200.0,87000.0,41826.83912703754
1,1,25000.0,7.0,150.0,28000.0,11494.853716957849
1,1,38000.0,10.0,135.0,22000.0,-5842.137310665377
1,3,20000.0,5.0,100.0,40000.0,15532.430077891899
1,1,4304.0,4.0,200.0,82000.0,48181.38608457819
1,4,56000.0,11.0,125.0,18000.0,22176.79398791719
1,2,14159.0,8.0,350.0,61000.0,129404.55849472179
1,1,18000.0,5.0,200.0,79000.0,44421.32887921724
1,1,26000.0,6.0,200.0,95000.0,41067.0333297248
1,6,35688.0,6.0,180.0,36000.0,92062.27807194115
1,1,22.0,4.0,100.0,33000.0,-5231.6008613535305
1,3,19440.0,11.0,100.0,20000.0,-1134.1111247906229
1,1,38000.0,7.0,150.0,25000.0,10568.78252203326
1,1,34000.0,7.0,220.0,60000.0,48456.341890290496
1,4,28366.0,5.0,150.0,75000.0,54281.275041226545
1,3,35000.0,9.0,100.0,19000.0,3326.264057900422
1,3,8000.0,3.0,125.0,60000.0,35385.58133139576
1,1,68917.0,16.0,150.0,6890.0,-16693.27873869978
1,7,4900.0,5.0,200.0,150000.0,120269.30642019493
1,7,7500.0,4.0,200.0,155000.0,122868.49776459504
1,2,14717.0,4.0,500.0,145000.0,221079.4618285619
1,6,4500.0,2.0,200.0,92000.0,116165.2205484092
1,2,18239.0,6.0,350.0,100000.0,134682.72577877698
1,4,23199.0,5.0,125.0,30000.0,41219.847585513504
1,1,30000.0,5.0,150.0,42000.0,16707.483654910713
1,1,10051.0,5.0,150.0,33000.0,18128.575521645384
1,8,25000.0,6.0,150.0,38000.0,101679.83914206574
2,5,4300.0,3.0,150.0,82000.0,64319.62964136829
1,4,27300.0,6.0,150.0,78000.0,51572.80729582535
1,3,23873.0,7.0,100.0,33000.0,9687.720931280128
1,3,15000.0,5.0,223.0,55000.0,81961.77658356664
1,1,40700.0,5.0,220.0,50900.0,53547.87021044553
1,7,25000.0,5.0,200.0,135000.0,118837.45788034999
1,2,18000.0,5.0,350.0,101900.0,137484.1568248995
1,1,26238.0,6.0,100.0,21000.0,-12667.94144705763
1,3,21165.0,4.0,100.0,35000.0,18233.845434962524
1,7,38000.0,6.0,390.0,120000.0,217191.22014759277
1,3,30947.0,4.0,110.0,35000.0,22908.81453393372
1,3,22844.0,8.0,100.0,32000.0,6976.61744478569
1,2,50143.0,14.0,500.0,85000.0,190711.79075229657
1,3,18945.0,6.0,100.0,38000.0,12823.178733787317
2,1,11500.0,5.0,220.0,58500.0,45897.34340932059
1,5,48000.0,7.0,150.0,40000.0,59799.60854538347
1,2,26000.0,7.0,350.0,115000.0,131345.455692022
1,1,38700.0,9.0,220.0,40000.0,42552.72036843236
1,15,100.0,6.0,1198.0,700000.0,753819.0568703449
1,2,7500.0,4.0,350.0,114000.0,141016.5429888005
2,2,30000.0,12.0,350.0,82000.0,107407.85761462616
1,2,12800.0,8.0,500.0,110000.0,210078.39937815035
1,1,10000.0,11.0,135.0,14700.0,-6631.92801267434
1,2,23000.0,6.0,350.0,90000.0,134343.5700126973
1,1,19000.0,8.0,150.0,35000.0,9137.86560815342
1,2,5000.0,7.0,350.0,99000.0,132841.41685305402
1,3,7086.0,5.0,100.0,36500.0,16452.374955680847
1,6,11950.0,3.0,310.0,195000.0,171939.9275394064
1,6,18588.0,5.0,160.0,60000.0,85321.21934782267
1,2,20000.0,6.0,350.0,125000.0,134557.2787499876
1,11,5806.0,6.0,250.0,211000.0,194222.55955427815
1,1,44002.0,5.0,100.0,23000.0,-11148.976533414185
1,3,12669.0,4.0,125.0,35000.0,32268.5737165413
1,5,21853.0,7.0,150.0,58000.0,61662.22266335986
1,1,45000.0,8.0,220.0,40000.0,44888.33760350775
1,5,65000.0,12.0,150.0,25000.0,44666.56445048012
1,3,20859.0,10.0,100.0,21000.0,1549.2102258560772
1,5,41004.0,11.0,150.0,25000.0,49160.35498720438
1,6,16000.0,2.0,160.0,85000.0,93858.79550201348
1,1,23276.0,5.0,150.0,36000.0,17186.476171424016
1,2,9000.0,16.0,350.0,96000.0,107496.82161953523
1,5,21007.0,9.0,150.0,14000.0,56153.67736050571
1,18,173.0,3.0,1130.0,700000.0,763096.2107610998
1,3,35550.0,11.0,100.0,18000.0,-2281.7270440394786
1,4,14244.0,5.0,150.0,33000.0,55287.27330389769
1,3,30000.0,9.0,125.0,23000.0,17111.950424290262
1,1,5848.0,3.0,200.0,85000.0,50855.80290450445
1,8,16000.0,6.0,150.0,39100.0,102320.96535393661
1,7,9000.0,3.0,200.0,174600.0,125546.0489793349
1,2,15837.0,5.0,350.0,90000.0,137638.24082448578
1,1,60857.0,13.0,150.0,22000.0,-7765.897847691507
1,8,29331.0,4.0,150.0,55000.0,106940.12612843433
1,4,25600.0,6.0,160.0,52000.0,57065.71096865226
2,6,23000.0,6.0,160.0,51000.0,72491.89427071232
1,3,20770.0,5.0,100.0,40000.0,15477.578168654072
1,10,14500.0,3.0,900.0,710000.0,538637.7848404095
1,2,40.0,7.0,350.0,112200.0,133194.74863204063
1,10,6500.0,4.0,650.0,550000.0,402128.21784740506
1,2,10111.0,3.0,350.0,110000.0,143614.95073449716
1,2,7300.0,3.0,350.0,140000.0,143815.19582133816
1,4,24056.0,4.0,110.0,40000.0,35885.50062373564
1,2,5500.0,5.0,410.0,140000.0,170605.42222711677
1,3,65000.0,14.0,100.0,13000.0,-12732.851231927518
1,1,41214.0,8.0,150.0,22000.0,7555.423644764589
1,1,80517.0,9.0,100.0,25000.0,-24887.790381005863
1,1,19000.0,4.0,400.0,140000.0,154570.53931742028
1,5,18127.0,10.0,150.0,58000.0,53574.43216491937
1,1,28800.0,8.0,200.0,49000.0,35298.76067481718
1,1,11047.0,3.0,100.0,38000.0,-3232.574887510338
1,12,40824.0,7.0,110.0,21000.0,126224.1714665884
2,7,15000.0,7.0,390.0,135000.0,206314.62303934956
1,2,4000.0,2.0,350.0,145000.0,146834.68101574254
1,4,300.0,6.0,1000.0,800000.0,510099.3606089091
1,5,23000.0,5.0,150.0,66000.0,67149.32585623923
1,6,5000.0,4.0,200.0,111300.0,110560.79125875745
1,3,19598.0,6.0,100.0,37000.0,12776.661465303798
2,2,16000.0,7.0,350.0,63618.0,122327.19297223921
1,3,18758.0,11.0,100.0,15500.0,-1085.5280051799637
1,3,14651.0,6.0,100.0,28000.0,13129.067173095485
1,4,24504.0,7.0,150.0,40000.0,48987.57825559488
1,4,19000.0,5.0,160.0,42000.0,60320.2757740759
2,3,18000.0,9.0,100.0,19000.0,-5193.344941538366
1,3,81260.0,8.0,100.0,20000.0,2815.2809122691688
1,2,9100.0,8.0,350.0,115000.0,129764.94266203897
1,1,30000.0,14.0,150.0,20000.0,-8352.166595554358
1,3,45000.0,11.0,100.0,19500.0,-2954.9095665038913
1,3,18000.0,3.0,100.0,45000.0,21243.713736188787
1,6,36000.0,18.0,150.0,12000.0,42511.77919755566
2,3,80000.0,14.0,223.0,14700.0,42541.145181061525
1,3,17989.0,11.0,100.0,18000.0,-1030.747332187886
1,5,20099.0,4.0,250.0,89000.0,123858.40833887468
1,3,18000.0,5.0,100.0,29000.0,15674.902569418759
1,1,1920.0,4.0,150.0,84000.0,21492.20301933284
1,7,3635.0,4.0,390.0,199000.0,225208.06490002305
1,1,42585.0,5.0,220.0,55000.0,53413.58988718147
1,8,200.0,4.0,150.0,84000.0,109015.3092037688
1,2,19000.0,5.0,350.0,120000.0,137412.92057913606
1,1,2000.0,2.0,150.0,60000.0,27055.31528644178
1,1,20349.0,5.0,150.0,51000.0,17394.984662773582
1,6,49500.0,10.0,110.0,20000.0,42338.12632671313
1,3,6500.0,5.0,100.0,42000.0,16494.119395698202
1,13,11000.0,5.0,300.0,195000.0,248467.56859280547
1,5,19134.0,11.0,150.0,35000.0,50718.29168205061
1,2,8800.0,3.0,350.0,150000.0,143708.34145269304
1,2,30000.0,9.0,350.0,75000.0,125491.69954219829
1,4,43000.0,6.0,150.0,65000.0,50454.3982373395
1,1,25000.0,7.0,220.0,40000.0,49097.468102161365
1,2,38000.0,10.0,350.0,55346.0,122137.40399270582
1,1,29890.0,6.0,220.0,40000.0,51533.52844376321
1,5,25081.0,10.0,150.0,20000.0,53079.0553118805
2,1,11000.0,6.0,150.0,35500.0,5545.941563613778
1,5,29800.0,7.0,150.0,50000.0,61096.10821827789
1,2,98056.0,7.0,500.0,100000.0,206789.4875927284
1,6,34000.0,7.0,180.0,36000.0,89398.11927140482
1,2,52000.0,8.0,350.0,82400.0,126708.90771878783
1,6,3000.0,2.0,160.0,89000.0,94784.86669693807
1,10,11500.0,9.0,250.0,122000.0,172977.9265005
1,7,10000.0,6.0,200.0,140000.0,117121.59598341644
1,6,2500.0,2.0,200.0,93500.0,116307.69303993606
2,2,51396.0,12.0,350.0,45918.0,105883.68690027182
1,2,13000.0,4.0,350.0,130000.0,140624.7436371016
1,2,18000.0,6.0,350.0,115000.0,134699.75124151446
1,2,15000.0,5.0,500.0,130000.0,218274.89638762583
1,1,50000.0,7.0,150.0,21000.0,9713.9475728721
2,1,32276.0,5.0,220.0,50000.0,44417.33916733957
1,1,29057.0,10.0,150.0,21000.0,2852.6315177405922
1,2,43500.0,7.0,350.0,71800.0,130098.82139116198
1,4,26453.0,9.0,125.0,24500.0,29850.422508259275
1,5,40826.0,8.0,150.0,38000.0,57526.2517891053
1,2,20000.0,5.0,410.0,120000.0,169572.49666354706
1,2,11000.0,4.0,350.0,119900.0,140767.21612862847
1,4,22000.0,7.0,150.0,38000.0,49165.95381498651
1,4,30000.0,5.0,160.0,70000.0,59536.67707067817
1,2,24000.0,8.0,350.0,117000.0,128703.52260016387
2,2,9816.0,5.0,350.0,98000.0,128336.52908281029
1,6,9707.0,5.0,180.0,70000.0,96697.47255650583
1,3,35778.0,11.0,100.0,18000.0,-2297.9689080735407
1,3,16999.0,9.0,100.0,18000.0,4608.587717887931
1,5,20632.0,11.0,150.0,22500.0,50611.579785896974
3,1,86283.0,10.0,150.0,25000.0,-20685.184237151647
1,6,4069.0,4.0,110.0,37000.0,62280.89370830156
1,6,49692.0,13.0,110.0,18000.0,33971.23221737154
1,1,7974.0,4.0,160.0,56000.0,26432.740842510117
1,2,11000.0,5.0,350.0,133300.0,137982.8105452435
1,4,23910.0,5.0,160.0,45000.0,59970.50580737747
1,4,36849.0,10.0,110.0,17000.0,18267.741831374035
1,2,18500.0,6.0,500.0,121400.0,215241.16394406883
1,8,12679.0,3.0,150.0,70000.0,110910.75767627197
2,4,8000.0,14.0,600.0,500000.0,262672.8894708706
1,1,87383.0,9.0,150.0,22345.0,1482.1118307277866
1,8,25000.0,9.0,125.0,21600.0,79897.11725433804
1,7,2600.0,6.0,200.0,140000.0,117648.74420206582
2,1,22000.0,8.0,220.0,35000.0,36796.146078649545
2,7,25000.0,8.0,200.0,67000.0,100753.61595277787
1,5,17325.0,7.0,150.0,35000.0,61984.78038417667
1,1,23000.0,8.0,150.0,35000.0,8852.920625099701
1,6,25981.0,7.0,100.0,30000.0,46994.94628594919
1,1,18020.0,7.0,150.0,35000.0,11992.08271238659
1,3,50.0,4.0,150.0,72000.0,46597.00903940269
1,3,3490.0,3.0,200.0,72000.0,75995.37221250687
1,2,9500.0,3.0,350.0,142000.0,143658.4760806586
1,4,25385.0,7.0,150.0,59000.0,48924.81912307731
2,1,41585.0,9.0,100.0,32000.0,-31845.046038361106
1,4,9700.0,7.0,150.0,78000.0,50042.1596378767
1,3,36000.0,5.0,150.0,43000.0,41251.66042082239
1,3,15939.0,13.0,100.0,15800.0,-6453.524195142869
1,2,12643.0,5.0,500.0,140000.0,218442.80021889025
1,3,22728.0,11.0,125.0,25000.0,12061.169236711903
1,4,7345.0,4.0,160.0,59000.0,63934.939801833694
1,4,5000.0,2.0,150.0,89000.0,64298.99790988986
1,12,6500.0,5.0,300.0,120000.0,236302.33457849477
1,3,11760.0,3.0,100.0,46000.0,21688.22790975259
1,12,38247.0,8.0,110.0,25000.0,123623.34168853577
1,4,2392.0,9.0,125.0,24000.0,31564.437817573154
1,3,35038.0,7.0,223.0,45000.0,74965.53352418903
2,1,28130.0,8.0,125.0,17000.0,-14672.651630656466
1,3,23188.0,5.0,125.0,34000.0,28734.834063970775
1,4,57682.0,8.0,125.0,23000.0,30410.19137269813
1,6,14424.0,4.0,200.0,70000.0,109889.46087868289
1,1,45000.0,11.0,135.0,17000.0,-9125.196614394386
1,6,4000.0,2.0,200.0,128000.0,116200.83867129091
1,7,5100.0,2.0,390.0,210000.0,230672.51496674964
1,2,16919.0,9.0,350.0,75068.0,126423.54087302969
1,1,11400.0,6.0,200.0,95000.0,42107.08251787088
1,4,14168.0,5.0,110.0,40000.0,33805.47903845944
1,5,10000.0,4.0,150.0,61000.0,70859.80263454882
1,4,29000.0,5.0,110.0,39900.0,32748.903041296246
1,2,15400.0,5.0,350.0,102200.0,137669.3710638844
1,5,16658.0,6.0,150.0,73000.0,64816.70054348589
1,7,4000.0,5.0,200.0,150000.0,120333.41904138202
1,10,190.0,2.0,400.0,300000.0,273851.4783492155
1,9,11982.0,7.0,750.0,270200.0,434616.70742801955
1,3,47830.0,13.0,100.0,20000.0,-8725.319308784412
1,2,38000.0,9.0,350.0,85000.0,124921.80957609085
1,3,17300.0,3.0,100.0,45000.0,21293.579108223188
1,1,33000.0,6.0,220.0,58000.0,51311.98371943894
1,5,15000.0,5.0,150.0,60000.0,67719.21582234667
2,4,15149.0,6.0,110.0,31000.0,21220.565520563396
1,1,23000.0,9.0,220.0,27000.0,43671.12942691821
1,3,23105.0,15.0,100.0,16000.0,-12532.814299053629
1,2,13631.0,6.0,500.0,114000.0,215588.01322469098
1,1,58000.0,5.0,220.0,42000.0,52315.48315873819
1,1,5768.0,5.0,220.0,70000.0,56036.29474745366
1,8,67614.0,10.0,125.0,16000.0,74077.05029399022
1,1,8073.0,5.0,200.0,97100.0,45128.491090910815
1,1,17000.0,4.0,200.0,111088.0,47276.97070836568
1,6,38950.0,5.0,110.0,40000.0,57011.69663644236
1,1,68000.0,9.0,220.0,30000.0,40465.498367563865
1,3,32800.0,7.0,100.0,25100.0,9051.794965349982
1,16,12872.0,2.0,310.0,270000.0,299516.6245066588
1,3,79000.0,11.0,125.0,18000.0,8052.563215112175
1,6,21963.0,4.0,180.0,67000.0,98608.80671181426
4,2,43740.0,7.0,350.0,90000.0,100889.84915992747
1,1,30000.0,9.0,100.0,21500.0,-21289.148953774675
1,1,21891.0,7.0,125.0,24500.0,-1713.177932536324
1,7,5300.0,4.0,390.0,248000.0,225089.45655082696
1,1,19000.0,7.0,220.0,51200.0,49524.885576741945
2,2,13869.0,5.0,350.0,100000.0,128047.8085787311
1,3,9550.0,4.0,100.0,40000.0,19061.254429504756
1,3,21000.0,15.0,100.0,15000.0,-12382.862001721609
1,4,8000.0,7.0,150.0,35000.0,50163.26125567453
1,3,16271.0,5.0,100.0,32000.0,15798.070038343736
1,3,11571.0,5.0,110.0,36000.0,21504.68244846094
1,3,17105.0,6.0,100.0,35000.0,12954.253425992028
1,1,45000.0,10.0,150.0,25000.0,1716.912051534222
1,11,5100.0,7.0,250.0,180500.0,191488.44676040212
1,1,19700.0,4.0,220.0,65000.0,57828.23695486257
1,5,12200.0,9.0,110.0,18000.0,35293.84675682796
1,6,33846.0,5.0,160.0,47000.0,84234.29670996427
1,6,14736.0,8.0,100.0,17500.0,45011.59228617394
1,2,22805.0,8.0,350.0,75000.0,128788.64991385116
1,6,23700.0,4.0,110.0,38000.0,60882.45496771966
1,1,9000.0,4.0,100.0,45500.0,-5871.159875817604
1,1,48000.0,17.0,100.0,15000.0,-44846.646044596484
1,6,28895.0,8.0,100.0,23000.0,44002.95828240954
2,1,77000.0,7.0,220.0,38000.0,35662.558145045914
1,5,9000.0,4.0,250.0,115204.0,124649.05943060298
2,1,44696.0,8.0,200.0,42273.0,24435.764134744604
1,2,8500.0,13.0,350.0,78000.0,115885.656492572
1,1,36105.0,8.0,100.0,23000.0,-18939.640650775407
1,1,60064.0,10.0,150.0,19000.0,643.8092453539139
1,7,4500.0,7.0,390.0,125000.0,216793.22879728262
1,5,50000.0,7.0,150.0,50000.0,59657.13605385661
1,1,23000.0,7.0,220.0,42400.0,49239.940593688225
1,1,28000.0,13.0,200.0,29999.0,21433.721754502883
1,6,6000.0,3.0,180.0,86000.0,102530.35648632089
1,1,12315.0,5.0,150.0,32000.0,17967.29666123698
1,1,60000.0,13.0,150.0,10500.0,-7704.8483850722405
1,3,4351.0,3.0,100.0,45000.0,22216.017254613835
1,1,28000.0,8.0,150.0,21800.0,8496.739396282552
1,8,4700.0,4.0,150.0,92000.0,108694.7460978334
1,7,3800.0,6.0,200.0,154800.0,117563.2607071497
1,12,37000.0,8.0,110.0,35000.0,123712.17328700276
1,2,24707.0,6.0,350.0,92000.0,134221.96974117914
1,1,41939.0,8.0,200.0,48000.0,34362.78764173147
1,1,31634.0,6.0,150.0,28000.0,13806.678045948269
1,5,53575.0,11.0,125.0,25000.0,34835.339004139634
1,4,12400.0,3.0,160.0,75500.0,66359.24616288456
1,3,18276.0,3.0,125.0,54000.0,34653.55766993076
1,2,27623.0,5.0,350.0,104000.0,136798.65043191798
1,4,57000.0,8.0,150.0,36600.0,43888.279629881465
1,13,21000.0,6.0,300.0,210000.0,244970.80055178615
1,1,49500.0,8.0,125.0,20000.0,-6464.345025203867
1,7,5000.0,3.0,390.0,200000.0,227895.233007941
1,1,9500.0,4.0,400.0,145000.0,155247.28365217283
1,4,11000.0,10.0,110.0,21000.0,20109.127548112927
1,3,78370.0,10.0,150.0,16000.0,24311.35277090082
1,1,9430.0,5.0,150.0,43000.0,18172.813230264466
1,2,14000.0,4.0,350.0,125000.0,140553.50739133818
1,8,43900.0,7.0,150.0,50000.0,97549.06851375192
1,1,28054.0,13.0,150.0,20000.0,-5429.135277913709
1,2,7000.0,5.0,350.0,130000.0,138267.75552829722
1,2,6151.0,9.0,350.0,88000.0,127190.6127674103
1,5,15000.0,9.0,150.0,35500.0,56581.59348880664
1,2,13600.0,3.0,350.0,117000.0,143366.40747302858
1,2,13500.0,7.0,500.0,125000.0,212812.93958950095
1,13,18277.0,5.0,300.0,215000.0,247949.182432385
1,6,21539.0,4.0,100.0,25000.0,55664.59443978536
2,8,24259.0,5.0,150.0,37000.0,94786.40560614436
1,7,9800.0,6.0,390.0,135000.0,219200.0822781215
1,14,10000.0,6.0,800.0,750000.0,526830.2991268837
1,2,2600.0,4.0,350.0,123800.0,141365.60059304128
1,1,96611.0,4.0,150.0,39000.0,14746.771671747898
1,2,7850.0,4.0,350.0,115000.0,140991.61030278332
1,2,15525.0,12.0,350.0,95000.0,118169.6274494689
1,10,10800.0,5.0,650.0,480300.0,399037.4964072373
1,3,33000.0,11.0,100.0,17000.0,-2100.0746173427324
2,3,40000.0,16.0,100.0,17000.0,-26251.381432028884
1,2,6000.0,7.0,350.0,90000.0,132770.1806072906
2,4,43000.0,9.0,125.0,14500.0,18941.051172194697
1,2,23000.0,8.0,350.0,63000.0,128774.7588459273
1,6,26000.0,8.0,160.0,47000.0,76439.99954406911
1,2,14000.0,12.0,350.0,80000.0,118278.26272425814
1,1,25000.0,11.0,135.0,18000.0,-7700.471699125788
1,1,4268.0,2.0,200.0,105000.0,53752.76175619569
1,1,12696.0,4.0,100.0,30000.0,-6134.449040159241
2,3,60315.0,11.0,150.0,20000.0,13082.492427357443
1,6,17194.0,4.0,100.0,25000.0,55974.11592762747
1,7,23000.0,5.0,390.0,160000.0,221044.1694174292
2,7,14144.0,8.0,200.0,71000.0,101526.95663678566
1,1,23500.0,7.0,220.0,51100.0,49204.32247080651
2,2,15288.0,5.0,350.0,95000.0,127946.7243459928
1,6,6202.0,5.0,180.0,65000.0,96947.15559790666
1,2,38400.0,10.0,350.0,90000.0,122108.90949440045
1,1,15000.0,5.0,150.0,45000.0,17776.02734136216
1,2,28000.0,5.0,350.0,119600.0,136771.7943672652
1,1,47057.0,9.0,100.0,20500.0,-22504.2255977615
1,1,51106.0,9.0,220.0,29000.0,41668.96350349125
1,2,12732.0,7.0,350.0,105800.0,132290.6182008112
1,1,13170.0,3.0,100.0,38000.0,-3383.8094372661
1,2,3000.0,3.0,350.0,145000.0,144121.51167812094
1,7,21000.0,4.0,200.0,112600.0,121906.80844678871
1,3,7500.0,5.0,110.0,50000.0,21794.685204963855
1,10,3805.0,7.0,300.0,170000.0,205953.91085356497
1,1,25000.0,7.0,100.0,25400.0,-15364.156558187511
1,14,2100.0,3.0,765.0,860000.0,516944.975025968
1,2,45000.0,7.0,350.0,86700.0,129991.96702251684
1,2,11000.0,7.0,350.0,70000.0,132413.99937847344
1,5,58245.0,10.0,150.0,21000.0,50716.57645738211
1,7,12000.0,3.0,390.0,186100.0,227396.57928759692
1,5,12668.0,8.0,150.0,51000.0,59532.12199731196
1,4,20683.0,5.0,125.0,51000.0,41399.07797985429
1,2,844.0,2.0,410.0,194000.0,179290.31493754633
1,1,42173.0,5.0,200.0,80000.0,42699.335110377855
1,1,600.0,3.0,200.0,89000.0,51229.65072227093
2,3,25280.0,10.0,150.0,20500.0,18362.659881064217
1,2,1800.0,2.0,350.0,150000.0,146991.40075642208
1,1,38000.0,11.0,135.0,18900.0,-8626.542894050377
1,1,17757.0,8.0,180.0,45000.0,25341.81842672458
1,1,20000.0,6.0,220.0,41000.0,52238.05491436353
1,4,40429.0,10.0,125.0,18000.0,26070.419154084564
1,1,28100.0,8.0,150.0,42000.0,8489.615771706209
1,4,20880.0,5.0,160.0,78000.0,60186.35163204065
1,2,32000.0,7.0,500.0,110000.0,211495.06904287753
1,2,17000.0,7.0,350.0,90000.0,131986.58190389286
1,1,39525.0,11.0,100.0,14800.0,-27536.485361441362
2,5,42000.0,10.0,150.0,19000.0,42143.18409239192
1,2,25000.0,10.0,350.0,100000.0,123063.4751876304
1,1,4838.0,4.0,125.0,36000.0,7854.8305166224745
1,5,579.0,2.0,150.0,132000.0,77099.73047265613
1,2,12000.0,4.0,410.0,150000.0,172926.79221303947
1,1,24184.0,15.0,100.0,14800.0,-37581.27244872462
1,5,8500.0,5.0,150.0,65000.0,68182.25141980896
2,3,42000.0,11.0,100.0,19600.0,-12471.826006630698
1,3,19340.0,7.0,110.0,33000.0,15382.43688835483
1,1,7285.0,3.0,110.0,35000.0,2407.21792408076
1,4,21952.0,3.0,150.0,59000.0,60306.9954883232
1,5,8000.0,3.0,250.0,99000.0,127504.70125975141
1,2,12200.0,7.0,350.0,112000.0,132328.51588355732
1,6,26000.0,6.0,110.0,26000.0,55149.800435693774
1,2,34000.0,9.0,350.0,85000.0,125206.75455914457
1,5,9700.0,4.0,250.0,108000.0,124599.19405856858
1,8,27167.0,5.0,150.0,58000.0,104309.8757808814
1,7,9800.0,5.0,200.0,150000.0,119920.24881595412
1,3,60500.0,11.0,150.0,20000.0,22799.938899308312
1,5,2500.0,4.0,150.0,110000.0,71394.07447777454
1,6,18934.0,6.0,160.0,55000.0,82512.16602340354
2,2,21000.0,6.0,535.0,125000.0,224133.7553448449
3,10,18500.0,8.0,800.0,550000.0,451251.54103530577
1,1,25000.0,5.0,220.0,53900.0,54666.27926893138
1,1,61906.0,8.0,125.0,18000.0,-7348.101890144979
1,2,30000.0,6.0,500.0,130000.0,214421.94711778936
1,3,65901.0,10.0,100.0,25000.0,-1659.4127558203327
1,1,70142.0,10.0,100.0,13000.0,-26933.11991459529
1,2,9900.0,4.0,350.0,131000.0,140845.57599896827
1,2,14555.0,6.0,350.0,91000.0,134945.16010816948
1,1,36526.0,9.0,125.0,19000.0,-8324.531556054135
2,2,25555.0,5.0,350.0,100000.0,127215.34181073967
1,3,34000.0,10.0,150.0,21000.0,27472.104995424204
1,2,25000.0,6.0,350.0,120000.0,134201.09752117045
1,1,25866.0,9.0,180.0,25500.0,21979.75812644392
1,4,12000.0,4.0,160.0,67000.0,63603.33507780492
2,6,35000.0,12.0,125.0,25000.0,36129.31862863936
1,3,90000.0,16.0,100.0,15000.0,-20082.56854278328
1,8,28000.0,5.0,150.0,52000.0,104250.53598816045
1,1,7800.0,7.0,220.0,55000.0,50322.73152929236
2,5,12643.0,9.0,150.0,47000.0,47018.87214265394
1,1,3000.0,3.0,220.0,74000.0,61802.287842496866
